Titre;Prix;Lien;Source;Annonce-Detectee;Annonce-Deposee;Marque;Modèle;Année;Kilométrage;Boite_Vitesse;Energie;Localisation;Puissance_Fiscale;Etat_Vehicule;Statut;Transmission;Age_Annonce_Jours;Segment_Vehicule;Segment_Libelle;Est_Presque_Neuve;Age_Vehicule;Zone_Economique;Zone_Libelle;Puissance_DIN;Cylindree;Prix_Theorique;Score_Opportunite;Erreur_Absolue;Score_Liquidite;Nb_Comparables;Fiabilite_Estimation;Erreur_Relative_Modele;Alerte_Telegram
🚘 Volksw agen Golf 6 1.6 TDI BlueMotion – Importée Suisse 🇨🇭;34000.0;https://www.tayara.tn/item/voitures/tozeur/tozeur/-volksw-agen-golf-6-16-tdi-bluemotion-importe-suisse-/6a1da11009913f892d259467/;tayara.tn;2026-07-13;2026-06-13;Volkswagen;Golf 6;;;;;Tozeur;;;;;40.0;0;Standard;0;;0;Province;;1.6;73098;0.5348709951024652;39098.0;0.12;12.0;Moyenne;0.1067;True
peugeot 2008;42000.0;https://www.tayara.tn/item/voitures/nabeul/hammamet/peugeot-2008/6a2ea38414106929dedb5dc1/;tayara.tn;2026-07-13;2026-06-13;Peugeot;2008;2020.0;123.0;Automatique;Essence;Nabeul;8.0;;;;40.0;0;Standard;0;6.0;0;Province;;;80818;0.4803137914820956;38818.0;0.32;30.0;Élevée;0.1067;True
polo 4 avendre;7500.0;https://www.tayara.tn/item/voitures/ben-arous/mornag/polo-4-avendre/6a3d6489b3da6e91fdbd3ff9/;tayara.tn;2026-07-13;2026-06-26;Volkswagen;Polo;2000.0;;Manuelle;Essence;Ben Arous;5.0;;;;27.0;0;Standard;0;26.0;1;Grand Tunis;;;14017;0.4649354355425554;6517.0;0.35;33.0;Élevée;0.1067;True
Mercedes-Benz C180;35000.0;https://www.tayara.tn/item/voitures/sfax/route-mehdia/mercedesbenz-c180/6a21ef9eb257aa5aca4bf4f8/;tayara.tn;2026-07-13;2026-06-13;Mercedes-Benz;Classe C;;;;;Sfax;;;;;40.0;1;Luxe;0;;0;Province;;;64194;0.4547777050814718;29194.0;1.0;93.0;Élevée;0.1067;True
Voiture;19000.0;https://www.tayara.tn/item/voitures/ariana/mnihla/voiture/6a2591c8b257aa5aca4df21b/;tayara.tn;2026-07-13;2026-06-13;Peugeot;Partner;2014.0;300.0;Manuelle;Diesel;Ariana;7.0;;;;40.0;0;Standard;0;12.0;1;Grand Tunis;;;34789;0.4538503549972693;15789.0;0.1;10.0;Moyenne;0.1067;True
Mercedes c180;19000.0;https://www.tayara.tn/item/voitures/ariana/kalat-andalous/mercedes-c180/6a58be2e4956ba003a420755/;tayara.tn;2026-07-16;2026-07-16;Mercedes-Benz;Classe C;1994.0;0.0;Manuelle;Essence;Ariana;8.0;;;;7.0;1;Luxe;0;32.0;1;Grand Tunis;;;34445;0.4483959936130062;15445.0;1.0;93.0;Élevée;0.1067;True
Volkswagen Caddy;25000.0;https://www.automobile.tn/fr/occasion/volkswagen/caddy/127680;automobile.tn;2026-07-13;2026-06-23;Volkswagen;Caddy;2010.0;230000.0;;Diesel;Tunis;8.0;;;Traction;30.0;0;Standard;0;16.0;1;Grand Tunis;;;43856;0.4299525720539949;18856.0;0.08;8.0;Moyenne;0.1067;True
vente kia rio;29798.0;https://www.tayara.tn/item/voitures/tunis/tunis/vente-kia-rio/6a326598ec535ff6e1584969/;tayara.tn;2026-07-13;2026-06-13;Kia;Rio;2014.0;222.0;;Essence;Tunis;;;;;40.0;0;Standard;0;12.0;1;Grand Tunis;;;51979;0.4267300255872563;22181.0;0.17;17.0;Moyenne;0.1067;True
berlingo 1.9d;21000.0;https://www.tayara.tn/item/voitures/siliana/siliana/berlingo-19d/6a53699b4956ba003a3f1486/;tayara.tn;2026-07-13;2026-07-12;Citroën;Berlingo;2013.0;300000.0;Automatique;Diesel;Siliana;7.0;;;;11.0;0;Standard;0;13.0;0;Province;;;36282;0.4212005953365305;15282.0;0.12;12.0;Moyenne;0.1067;True
partner;18500.0;https://www.tayara.tn/item/voitures/bja/bja/partner/6a5587fb7b31d9554f3d501d/;tayara.tn;2026-07-14;2026-07-14;Peugeot;Partner;;;;;Béja;;;;;9.0;0;Standard;0;;0;Province;;;31674;0.4159247332196754;13174.0;0.1;10.0;Moyenne;0.1067;True
"MÉGANE 2 CASQUETTE 
بسم الله ماشاء الله";18500.0;https://www.tayara.tn/item/voitures/sousse/hammam-sousse/mgane-2-casquette-/6a57fb804956ba003a41b0ea/;tayara.tn;2026-07-16;2026-07-15;Renault;Megane;;238000.0;Manuelle;Diesel;Sousse;5.0;;;;8.0;0;Standard;0;;0;Province;;;31352;0.4099260015310028;12852.0;0.15;15.0;Moyenne;0.1067;True
Toyota RAV 4;25008.0;https://www.automobile.tn/fr/occasion/toyota/rav-4/127685;automobile.tn;2026-07-13;2026-06-23;Toyota;RAV4;2001.0;380000.0;;Diesel;Tunis;8.0;;;Intégrale;30.0;0;Standard;0;25.0;1;Grand Tunis;;;42260;0.4082347373402745;17252.0;0.14;14.0;Moyenne;0.1067;True
Mercedes-Benz Classe E Avantgarde 200 Kompressor 1.8 i 16V 163 cv Boîte auto;23500.0;https://www.automobile.tn/fr/occasion/mercedes-benz/classe-e/127127;automobile.tn;2026-07-13;2026-06-23;Mercedes-Benz;Classe E;2003.0;240000.0;Automatique;Essence;Monastir;10.0;;;Intégrale;30.0;1;Luxe;0;23.0;0;Province;163.0;1.8;39429;0.4039919855943595;15929.0;0.46;43.0;Élevée;0.1067;True
voiture accidente avec carte grise;23000.0;https://www.tayara.tn/item/voitures/nabeul/grombalia/voiture-accidente-avec-carte-grise/6a4e7a377b31d9554f393087/;tayara.tn;2026-07-13;2026-07-09;Suzuki;Celerio;2021.0;100000.0;Manuelle;Essence;Nabeul;4.0;;;;14.0;0;Standard;0;5.0;0;Province;;;37104;0.3801207416990081;14104.0;0.08;8.0;Moyenne;0.1067;True
Mercedes-Benz CLA Progressive 250 2.0 i 16V Turbo 4MATIC 7G-DCT 211 cv Boîte auto;77000.0;https://www.automobile.tn/fr/occasion/mercedes-benz/cla/125049;automobile.tn;2026-07-13;2026-07-12;Mercedes-Benz;CLA;2017.0;111000.0;Automatique;Essence;Ben Arous;12.0;;;Intégrale;11.0;1;Luxe;0;9.0;1;Grand Tunis;211.0;2.0;123895;0.3785059929779248;46895.0;0.43;41.0;Élevée;0.1067;True
Porsche Cayenne Black Edition 3.6 DFI V6 SUV 290cv Tiptronic S Boîte auto;47000.0;https://www.automobile.tn/fr/occasion/porsche/cayenne/127776;automobile.tn;2026-07-13;2026-07-10;Porsche;Cayenne;2008.0;213000.0;Automatique;Essence;Sousse;21.0;;;Traction;13.0;1;Luxe;0;18.0;0;Province;290.0;3.6;75029;0.373575550787029;28029.0;0.22;21.0;Élevée;0.1067;True
Superbe Mercedes-Benz Classe E Avantgarde Diesel - Noir - État Irréprochable;60000.0;https://www.tayara.tn/item/voitures/nabeul/nabeul/superbe-mercedesbenz-classe-e-avantgarde-diesel-noir-tat-irrprochable/6a34f44d11fc36f5d73259ce/;tayara.tn;2026-07-13;2026-06-19;Mercedes-Benz;Classe E;2014.0;106000.0;Automatique;Diesel;Nabeul;10.0;;;;34.0;1;Luxe;0;12.0;0;Province;;;95649;0.372706457987015;35649.0;0.46;43.0;Élevée;0.1067;True
MERCEDES  W211 E200 AVANGARDE;23500.0;https://www.tayara.tn/item/voitures/tunis/tunis/mercedes-w211-e200-avangarde/6a240713b257aa5aca4d1054/;tayara.tn;2026-07-13;2026-06-13;Mercedes-Benz;Classe E;2003.0;240000.0;Automatique;Essence;Tunis;10.0;;;;40.0;1;Luxe;0;23.0;1;Grand Tunis;;;37454;0.3725636781118172;13954.0;0.46;43.0;Élevée;0.1067;True
Mercedes C180 en excellent état;59500.0;https://www.tayara.tn/item/voitures/la-manouba/la-manouba/mercedes-c180-en-excellent-tat/6a37affe11fc36f5d733cbec/;tayara.tn;2026-07-13;2026-06-21;Mercedes-Benz;Classe C;2014.0;115.0;Automatique;Essence;La Manouba;9.0;;;;32.0;1;Luxe;0;12.0;0;Province;;;94723;0.3718526651394064;35223.0;1.0;93.0;Élevée;0.1067;True
Mercedes-Benz Classe E Avantgarde 250 CDi 2.1 CDI 16V DPF 4MATIC 7G-TRONIC+ 204 cv Boîte auto;60000.0;https://www.automobile.tn/fr/occasion/mercedes-benz/classe-e/127399;automobile.tn;2026-07-13;2026-07-01;Mercedes-Benz;Classe E;2014.0;106000.0;Automatique;Diesel;Nabeul;10.0;;;Traction;22.0;1;Luxe;0;12.0;0;Province;204.0;2.1;95149;0.3694100831327707;35149.0;0.46;43.0;Élevée;0.1067;True
Vente voiture Nissan Qashqai;45000.0;https://www.tayara.tn/item/voitures/ariana/mnihla/vente-voiture-nissan-qashqai/6a22e9a3a849fd3c0e147828/;tayara.tn;2026-07-13;2026-06-13;Nissan;Qashqai;;;;;Ariana;;;;;40.0;0;Standard;0;;1;Grand Tunis;;;70806;0.3644606389289043;25806.0;0.27;26.0;Élevée;0.1067;True
vente voiture;16000.0;https://www.tayara.tn/item/voitures/tunis/tunis/vente-voiture/6a2bf9caec535ff6e1546a80/;tayara.tn;2026-07-13;2026-06-13;Volkswagen;Polo;2008.0;190000.0;Manuelle;Essence;Tunis;5.0;;;;40.0;0;Standard;0;18.0;1;Grand Tunis;;;25019;0.3604860306167313;9019.0;0.35;33.0;Élevée;0.1067;True
Fiat 500;33000.0;https://www.automax.tn/annonces/fiat-500-2/;AutoMax;2026-07-13;2026-06-08;Fiat;500;2014.0;129000.0;Manuelle;Essence;Ariana;10.0;;;;45.0;0;Standard;0;12.0;1;Grand Tunis;;;51594;0.3603907431096639;18594.0;0.29;28.0;Élevée;0.1067;True
Land Rover Range Rover Velar P400e 2.0 i 16V 404 PHEV AWD 300 cv Boîte auto;185000.0;https://www.automobile.tn/fr/occasion/land-rover/range-rover-velar/127814;automobile.tn;2026-07-13;2026-07-12;Land Rover;Range Rover Velar;2022.0;95000.0;Automatique;Hybride rechargeable essence;Sousse;19.0;;;Intégrale;11.0;1;Luxe;0;4.0;0;Province;300.0;2.0;287813;0.3572215292568438;102813.0;0.1;10.0;Moyenne;0.1067;True
Polo 5;17000.0;https://www.tayara.tn/item/voitures/tunis/tunis/polo-5/6a3ea571b3da6e91fdbde5ae/;tayara.tn;2026-07-13;2026-06-27;Volkswagen;Polo;;355000.0;Manuelle;Essence;Tunis;5.0;;;;26.0;0;Standard;0;;1;Grand Tunis;;;26250;0.3523809523809524;9250.0;0.35;33.0;Élevée;0.1067;True
Land Rover Discovery Sport SE P300e 1.5 Si4 12V 309 PHEV 4x4 5PL 200 cv Boîte auto;85000.0;https://www.automobile.tn/fr/occasion/land-rover/discovery-sport/128437;automobile.tn;2026-07-19;2026-07-18;Land Rover;Discovery Sport;2022.0;124000.0;Automatique;Hybride rechargeable essence;Mahdia;8.0;;;;5.0;1;Luxe;0;4.0;0;Province;200.0;1.5;129744;0.3448637316561845;44744.0;0.12;12.0;Moyenne;0.1067;True
Ford fiesta 1998;10000.0;https://www.tayara.tn/item/voitures/sfax/route-gremda/ford-fiesta-1998/6a1d5205ddff5c7827e0b501/;tayara.tn;2026-07-13;2026-06-13;Ford;Fiesta;1998.0;43000.0;Manuelle;Essence;Sfax;;;;;40.0;0;Standard;0;28.0;0;Province;;;15264;0.3448637316561845;5264.0;0.41;39.0;Élevée;0.1067;True
Fiat Grande Punto;24300.0;https://www.automax.tn/annonces/fiat-grande-punto-2/;AutoMax;2026-07-13;2026-06-08;Fiat;Grande Punto;2016.0;188000.0;Manuelle;Essence;Sousse;10.0;;;;45.0;0;Standard;0;10.0;0;Province;;;37085;0.3447485506269381;12785.0;0.23;22.0;Élevée;0.1067;True
Golf 7 essence  Première main;43000.0;https://www.tayara.tn/item/voitures/tunis/tunis/golf-7-essence-premire-main/6a24a321a849fd3c0e15722e/;tayara.tn;2026-07-13;2026-06-13;Volkswagen;Golf 7;;;;;Tunis;;;;;40.0;0;Standard;0;;1;Grand Tunis;;;65503;0.3435415171824191;22503.0;0.62;58.0;Élevée;0.1067;True
Tiguan 2.0  2013;39500.0;https://www.tayara.tn/item/voitures/tunis/la-marsa/tiguan-20-2013/6a5e087a4956ba003a449449/;tayara.tn;2026-07-21;2026-07-21;Volkswagen;Tiguan;2013.0;252000.0;;;Tunis;14.0;;;;2.0;0;Standard;0;13.0;1;Grand Tunis;;2.0;59892;0.3404795298203433;20392.0;0.3;29.0;Élevée;0.1067;True
VW Caddy;47000.0;https://www.tayara.tn/item/voitures/tunis/tunis/vw-caddy/6a38317211fc36f5d73419d8/;tayara.tn;2026-07-13;2026-06-22;Volkswagen;Caddy;2021.0;129000.0;Manuelle;Diesel;Tunis;6.0;;;;31.0;0;Standard;0;5.0;1;Grand Tunis;;;70959;0.3376456827181894;23959.0;0.08;8.0;Moyenne;0.1067;True
Volkswagen Golf 7 Match plus 1.5 TSI 16V Blue Motion DSG7 150 cv Boîte auto;80000.0;https://www.automobile.tn/fr/occasion/volkswagen/golf-7/128078;automobile.tn;2026-07-13;2026-07-06;Volkswagen;Golf 7;2020.0;25000.0;Automatique;Essence;Gafsa;8.0;;;Traction;17.0;0;Standard;0;6.0;0;Province;150.0;1.5;120160;0.3342210386151797;40160.0;0.62;58.0;Élevée;0.1067;True
Land Rover Discovery Sport HSE 2.0 Si4 16V 4x4 5PL 240 cv Boîte auto;65000.0;https://www.automobile.tn/fr/occasion/land-rover/discovery-sport/127179;automobile.tn;2026-07-13;2026-06-08;Land Rover;Discovery Sport;2017.0;212000.0;Automatique;Essence;Tunis;15.0;;;Intégrale;45.0;1;Luxe;0;9.0;1;Grand Tunis;240.0;2.0;97181;0.3311449768987765;32181.0;0.12;12.0;Moyenne;0.1067;True
A vendre voiture Dacia;16000.0;https://www.tayara.tn/item/voitures/sfax/route-de-gabes/a-vendre-voiture-dacia/6a4e991f4956ba003a3c5071/;tayara.tn;2026-07-13;2026-07-09;Dacia;Sandero;2016.0;;Manuelle;Essence;Sfax;5.0;;;;14.0;0;Standard;0;10.0;0;Province;;;23874;0.3298148613554494;7874.0;0.08;8.0;Moyenne;0.1067;True
Land Rover Range Rover Sport Autobiography 3.0 SDV6 24V 306 cv Boîte auto;120000.0;https://www.automobile.tn/fr/occasion/land-rover/range-rover-sport/127392;automobile.tn;2026-07-13;2026-07-12;Land Rover;Range Rover Sport;2018.0;140000.0;Automatique;Diesel;Tunis;16.0;;;Traction;11.0;1;Luxe;0;8.0;1;Grand Tunis;306.0;3.0;178615;0.3281639280015676;58615.0;0.23;22.0;Élevée;0.1067;True
A Vendre Voiture Citroën C4;18500.0;https://www.tayara.tn/item/voitures/tunis/tunis/a-vendre-voiture-citron-c4/6a2911e6b257aa5aca503b86/;tayara.tn;2026-07-13;2026-06-13;Citroën;C4;2007.0;31000.0;Manuelle;Essence;Tunis;6.0;;;;40.0;0;Standard;0;19.0;1;Grand Tunis;;;27268;0.3215490685052076;8768.0;0.15;15.0;Moyenne;0.1067;True
voiture;50000.0;https://www.tayara.tn/item/voitures/la-manouba/la-manouba/voiture/6a1f458990932ca4e76acd1b/;tayara.tn;2026-07-13;2026-06-13;Volkswagen;Golf;2018.0;200.0;Automatique;Essence;La Manouba;6.0;;;;40.0;0;Standard;0;8.0;0;Province;;;73497;0.3197001238145774;23497.0;0.13;13.0;Moyenne;0.1067;True
Peugeot 2008 Active 1.2 THP Puretech 12V S&S 110 cv;35000.0;https://www.automobile.tn/fr/occasion/peugeot/2008/127463;automobile.tn;2026-07-13;2026-06-16;Peugeot;2008;2020.0;140000.0;;Essence;Ariana;6.0;;;Traction;37.0;0;Standard;0;6.0;1;Grand Tunis;110.0;1.2;51297;0.3176988907733395;16297.0;0.32;30.0;Élevée;0.1067;True
à vendre Seat Ibiza;29800.0;https://www.tayara.tn/item/voitures/la-manouba/oued-ellil/-vendre-seat-ibiza/6a562b3c7b31d9554f3d9f96/;tayara.tn;2026-07-14;2026-07-14;Seat;Ibiza;;;;;La Manouba;;;;;9.0;0;Standard;0;;0;Province;;;43600;0.3165137614678899;13800.0;0.32;30.0;Élevée;0.1067;True
Porsche Cayenne 3.6 DFI V6 SUV 290cv Tiptronic S Boîte auto;79000.0;https://www.automobile.tn/fr/occasion/porsche/cayenne/122838;automobile.tn;2026-07-13;2026-07-11;Porsche;Cayenne;2008.0;90000.0;Automatique;Essence;Tunis;21.0;;;Propulsion;12.0;1;Luxe;0;18.0;1;Grand Tunis;290.0;3.6;115539;0.3162481932507638;36539.0;0.22;21.0;Élevée;0.1067;True
Citroën C4 Seduction 1.6 HDi FAP 92 cv;19000.0;https://www.automobile.tn/fr/occasion/citroen/c4/127307;automobile.tn;2026-07-13;2026-06-11;Citroën;C4;2012.0;500000.0;;Diesel;Ben Arous;5.0;;;Traction;42.0;0;Standard;0;14.0;1;Grand Tunis;92.0;1.6;27780;0.3160547156227501;8780.0;0.15;15.0;Moyenne;0.1067;True
Audi A3 Sportback 40 1.4 TFSIe 16V 204 Plug in Hybrid S Tronic6 150 cv Boîte auto;90000.0;https://www.automobile.tn/fr/occasion/audi/a3-sportback/127493;automobile.tn;2026-07-13;2026-06-21;Audi;A3 Sportback;2022.0;44000.0;Automatique;Hybride rechargeable essence;Sousse;8.0;;;Traction;32.0;1;Luxe;0;4.0;0;Province;150.0;1.4;130170;0.3085964507951141;40170.0;0.11;11.0;Moyenne;0.1067;True
Porsche Macan S S 3.0 V6 24V BI-Turbo AWD PDK 354 cv Boîte auto;205000.0;https://www.automobile.tn/fr/occasion/porsche/macan/121715;automobile.tn;2026-07-13;2026-06-27;Porsche;Macan;2018.0;16500.0;Automatique;Essence;Sousse;23.0;;;Intégrale;26.0;1;Luxe;0;8.0;0;Province;354.0;3.0;295700;0.306729793709841;90700.0;0.1;10.0;Moyenne;0.1067;True
"❤️ Nissan Micra cabriolet ❤️ 
tout options nm 29 022 099";17000.0;https://www.tayara.tn/item/voitures/tunis/tunis/-nissan-micra-cabriolet-tout-options-nm-29-022-099/6a4cf0534956ba003a3b4c41/;tayara.tn;2026-07-13;2026-07-07;Nissan;Micra;2008.0;300.0;Manuelle;Essence;Tunis;6.0;;;;16.0;0;Standard;0;18.0;1;Grand Tunis;;;24162;0.2964158596142703;7162.0;0.09;9.0;Moyenne;0.1067;True
Citroën Berlingo Niveau 1 Live M 1.5 BlueHDi 16V FAP S&S 102 cv;45000.0;https://www.automobile.tn/fr/occasion/citroen/berlingo-multispace/128296;automobile.tn;2026-07-14;2026-07-13;Citroën;Berlingo;2020.0;10300.0;;Diesel;Monastir;5.0;;;;10.0;0;Standard;0;6.0;0;Province;102.0;1.5;63753;0.294150863488777;18753.0;0.12;12.0;Moyenne;0.1067;True
BMW X1 Pack Sport M 18i sDrive 2.0 i 16V 150 cv;58000.0;https://www.automobile.tn/fr/occasion/bmw/x1/125498;automobile.tn;2026-07-13;2026-07-12;Bmw;X1;2015.0;158000.0;;Essence;Ariana;9.0;;;Propulsion;11.0;1;Luxe;0;11.0;1;Grand Tunis;150.0;2.0;81442;0.2878367427126053;23442.0;0.16;16.0;Moyenne;0.1067;True
🚗 À VENDRE – Suzuki Celerio 2018;27500.0;https://www.tayara.tn/item/voitures/tunis/tunis/-vendre-suzuki-celerio-2018/6a57fc147b31d9554f3ea97e/;tayara.tn;2026-07-16;2026-07-15;Suzuki;Celerio;2018.0;120000.0;Manuelle;Essence;Tunis;;;;;8.0;0;Standard;0;8.0;1;Grand Tunis;;;38598;0.2875278511839991;11098.0;0.08;8.0;Moyenne;0.1067;True
BMW Série 5 Business Line 520i 1.6i 16V 170 cv Boîte auto;51000.0;https://www.automobile.tn/fr/occasion/bmw/serie-5/127046;automobile.tn;2026-07-13;2026-07-12;Bmw;Série 5;2014.0;240000.0;Automatique;Essence;Tunis;9.0;;;Traction;11.0;1;Luxe;0;12.0;1;Grand Tunis;170.0;;71491;0.2866234910688058;20491.0;0.25;24.0;Élevée;0.1067;True
Citroen C Elysée;22500.0;https://www.tayara.tn/item/voitures/tunis/bellevue/citroen-c-elyse/6a2f0afdec535ff6e1565d57/;tayara.tn;2026-07-13;2026-06-13;Citroën;C-Elysée;2015.0;176.0;Manuelle;Essence;Tunis;5.0;;;;40.0;0;Standard;0;11.0;1;Grand Tunis;;;31509;0.2859183090545558;9009.0;0.08;8.0;Moyenne;0.1067;True
BMW X5;47000.0;https://www.automobile.tn/fr/occasion/bmw/x5/106013;automobile.tn;2026-07-13;2026-07-12;Bmw;X5;2007.0;295000.0;;Diesel;Ben Arous;16.0;;;Traction;11.0;1;Luxe;0;19.0;1;Grand Tunis;;;65679;0.2843983617290153;18679.0;0.15;15.0;Moyenne;0.1067;True
Ford Focus;37000.0;https://www.tayara.tn/item/voitures/kbili/douz-sud/ford-focus/6a35911611fc36f5d732d40e/;tayara.tn;2026-07-13;2026-06-20;Ford;Focus;2018.0;136000.0;Manuelle;Diesel;Kébili;6.0;;;;33.0;0;Standard;0;8.0;0;Province;;;51660;0.283778552071235;14660.0;0.26;25.0;Élevée;0.1067;True
Mercedes-Benz Classe A;150000.0;https://www.automobile.tn/fr/occasion/mercedes-benz/classe-a/127590;automobile.tn;2026-07-13;2026-07-10;Mercedes-Benz;Classe A;2025.0;11817.0;;Hybride léger essence;Sfax;9.0;;;Intégrale;13.0;1;Luxe;1;1.0;0;Province;;;208528;0.2806721399524284;58528.0;0.49;46.0;Élevée;0.1067;True
passat b 9 23887657;49500.0;https://www.tayara.tn/item/voitures/tunis/ain-zaghouan-sud/passat-b-9-23887657/6a3f33d1b3da6e91fdbe2bd1/;tayara.tn;2026-07-13;2026-06-27;Volkswagen;Passat;2019.0;139235.0;Manuelle;Essence;Tunis;7.0;;;;26.0;0;Standard;0;7.0;1;Grand Tunis;;;68628;0.2787200559538381;19128.0;0.21;20.0;Élevée;0.1067;True
Citroën C-Elysée Attraction 1.2 Puretech 12V 83 cv;24500.0;https://www.automobile.tn/fr/occasion/citroen/c-elysee/127176;automobile.tn;2026-07-13;2026-06-08;Citroën;C-Elysée;2018.0;166000.0;;Essence;La Manouba;5.0;;;Traction;45.0;0;Standard;0;8.0;0;Province;83.0;1.2;33783;0.2747831749696593;9283.0;0.08;8.0;Moyenne;0.1067;True
Land Rover Range Rover Evoque;77000.0;https://www.automobile.tn/fr/occasion/land-rover/range-rover-evoque/124947;automobile.tn;2026-07-13;2026-07-13;Land Rover;Range Rover Evoque;2014.0;125000.0;;Diesel;Tunis;11.0;;;Traction;10.0;1;Luxe;0;12.0;1;Grand Tunis;;;105299;0.2687489909685752;28299.0;0.39;37.0;Élevée;0.1067;True
KIA Rio 5p GLS 1.4 i-CVVT 16V 109 cv Boîte auto;32000.0;https://www.automobile.tn/fr/occasion/kia/rio-5p/124410;automobile.tn;2026-07-13;2026-07-12;Kia;Rio 5p;2014.0;190000.0;Automatique;Essence;Ariana;6.0;;;Traction;11.0;0;Standard;0;12.0;1;Grand Tunis;109.0;1.4;43706;0.2678350798517366;11706.0;0.4;38.0;Élevée;0.1067;True
BMW Série 3 320i xDrive 2.0 16V 184 cv Boîte auto;69000.0;https://www.automobile.tn/fr/occasion/bmw/serie-3/123542;automobile.tn;2026-07-13;2026-07-11;Bmw;Série 3;2015.0;100000.0;Automatique;Essence;Tunis;11.0;;;Intégrale;12.0;1;Luxe;0;11.0;1;Grand Tunis;184.0;2.0;94179;0.2673525945274424;25179.0;0.29;28.0;Élevée;0.1067;True
voiture;28000.0;https://www.tayara.tn/item/voitures/sousse/hammam-sousse/voiture/6a5e02a34956ba003a448f9e/;tayara.tn;2026-07-21;2026-07-20;Seat;Ibiza;2017.0;20600.0;Manuelle;Essence;Sousse;4.0;;;;3.0;0;Standard;0;9.0;0;Province;;;38205;0.2671116346028007;10205.0;0.32;30.0;Élevée;0.1067;True
Peugeot 3008 Premium 1.6 VTi 16V 120 cv;38000.0;https://www.automobile.tn/fr/occasion/peugeot/3008/123982;automobile.tn;2026-07-13;2026-07-12;Peugeot;3008;2015.0;162000.0;;Essence;Ben Arous;7.0;;;Traction;11.0;0;Standard;0;11.0;1;Grand Tunis;120.0;1.6;51806;0.266494228467745;13806.0;0.27;26.0;Élevée;0.1067;True
Hyundai Tucson 1.6 T-GDI PHEV Premium 4WD 1.6 TGDi 16V 265 Plug in Hybrid 4WD 179 cv Boîte auto;95000.0;https://www.automobile.tn/fr/occasion/hyundai/tucson/127625;automobile.tn;2026-07-13;2026-06-25;Hyundai;Tucson;2022.0;106000.0;Automatique;Hybride rechargeable essence;Mahdia;7.0;;;Intégrale;28.0;0;Standard;0;4.0;0;Province;179.0;1.6;129420;0.2659558028125482;34420.0;0.32;30.0;Élevée;0.1067;True
Peugeot 3008 Allure 1.6 THP 16V EAT6 S&S 165 cv Boîte auto;59000.0;https://www.automobile.tn/fr/occasion/peugeot/3008/126693;automobile.tn;2026-07-13;2026-06-09;Peugeot;3008;2019.0;182000.0;Automatique;Essence;Bizerte;6.0;;;Traction;44.0;0;Standard;0;7.0;0;Province;165.0;1.6;80133;0.2637240587523242;21133.0;0.27;26.0;Élevée;0.1067;True
Ford Fiesta;18000.0;https://www.automobile.tn/fr/occasion/ford/fiesta/128433;automobile.tn;2026-07-19;2026-07-18;Ford;Fiesta;2008.0;205300.0;;Diesel;Ariana;5.0;;;;5.0;0;Standard;0;18.0;1;Grand Tunis;;;24430;0.2632009823986901;6430.0;0.41;39.0;Élevée;0.1067;True
vente une voiture KWID 252;32000.0;https://www.tayara.tn/item/voitures/la-manouba/oued-ellil/vente-une-voiture-kwid-252/6a3a8ac611fc36f5d7355bea/;tayara.tn;2026-07-13;2026-06-24;Renault;Clio;2026.0;18000.0;Manuelle;Essence;La Manouba;3.0;;;;29.0;0;Standard;1;0.0;0;Province;;;43391;0.2625198773939296;11391.0;0.29;28.0;Élevée;0.1067;True
Peugeot 2008 Active 1.2 THP Puretech 12V EAT6 S&S 110 cv Boîte auto;39900.0;https://www.automobile.tn/fr/occasion/peugeot/2008/128288;automobile.tn;2026-07-14;2026-07-14;Peugeot;2008;2020.0;82000.0;Automatique;Essence;Ben Arous;6.0;;;;9.0;0;Standard;0;6.0;1;Grand Tunis;110.0;1.2;54001;0.2611247939852966;14101.0;0.32;30.0;Élevée;0.1067;True
Mercedes-Benz Classe S Limousine 320 L 3.2 i 18V 224 cv Boîte auto;30000.0;https://www.automobile.tn/fr/occasion/mercedes-benz/classe-s/123341;automobile.tn;2026-07-13;2026-06-13;Mercedes-Benz;Classe S;1999.0;307000.0;Automatique;Essence;Ariana;16.0;;;Traction;40.0;1;Luxe;0;27.0;1;Grand Tunis;224.0;3.2;40575;0.2606284658040665;10575.0;0.09;9.0;Moyenne;0.1067;True
BMW Série 5 Access 520i 2.0 16V 184 cv Boîte auto;74000.0;https://www.automobile.tn/fr/occasion/bmw/serie-5/123438;automobile.tn;2026-07-13;2026-07-13;Bmw;Série 5;2012.0;180000.0;Automatique;Essence;Tunis;10.0;;;Propulsion;10.0;1;Luxe;0;14.0;1;Grand Tunis;184.0;2.0;99988;0.2599111893427211;25988.0;0.25;24.0;Élevée;0.1067;True
Volkswagen Golf 7 Confortline;52500.0;https://www.automobile.tn/fr/occasion/volkswagen/golf-7/111219;automobile.tn;2026-07-13;2026-06-26;Volkswagen;Golf 7;2019.0;169000.0;;Essence;Sousse;6.0;;;Traction;27.0;0;Standard;0;7.0;0;Province;;;70905;0.2595726676539031;18405.0;0.62;58.0;Élevée;0.1067;True
MG One Comfort;58000.0;https://www.automobile.tn/fr/occasion/mg/one/127681;automobile.tn;2026-07-13;2026-07-11;Mg;One;2024.0;30000.0;;Essence;Ben Arous;9.0;;;Traction;12.0;0;Standard;0;2.0;1;Grand Tunis;;;78228;0.2585774914352917;20228.0;0.09;9.0;Moyenne;0.1067;True
Volkswagen Golf 6 Confortline 1.6 TDI 16V FAP Blue Motion DSG7 105 cv Boîte Auto;36500.0;https://www.automobile.tn/fr/occasion/volkswagen/golf-6/128221;automobile.tn;2026-07-13;2026-07-11;Volkswagen;Golf 6;2012.0;189000.0;Automatique;Diesel;Nabeul;5.0;;;Intégrale;12.0;0;Standard;0;14.0;0;Province;105.0;1.6;49064;0.2560736996575901;12564.0;0.12;12.0;Moyenne;0.1067;True
Nissan Qashqai;41500.0;https://www.automobile.tn/fr/occasion/nissan/qashqai/128091;automobile.tn;2026-07-13;2026-07-07;Nissan;Qashqai;2015.0;125000.0;;Essence;La Manouba;6.0;;;Traction;16.0;0;Standard;0;11.0;0;Province;;;55700;0.2549371633752244;14200.0;0.27;26.0;Élevée;0.1067;True
Renault Symbole 2022;31000.0;https://www.tayara.tn/item/voitures/mahdia/mahdia/renault-symbole-2022/6a22f33aa849fd3c0e147f3d/;tayara.tn;2026-07-13;2026-06-13;Renault;Symbol;2022.0;180000.0;Automatique;Essence;Mahdia;5.0;;;;40.0;0;Standard;0;4.0;0;Province;;;41581;0.2544671845313965;10581.0;0.12;12.0;Moyenne;0.1067;True
Voiture;48300.0;https://www.tayara.tn/item/voitures/nabeul/bou-argoub/voiture/6a48d6ff4956ba003a38f334/;tayara.tn;2026-07-13;2026-07-04;Volkswagen;Golf;2014.0;10.0;;Diesel;Nabeul;;;;;19.0;0;Standard;0;12.0;0;Province;;;64760;0.2541692402717727;16460.0;0.13;13.0;Moyenne;0.1067;True
Peugeot 308 Allure 1.5 BlueHDi 16V EAT8 S&S 130 cv Boîte auto;54000.0;https://www.automobile.tn/fr/occasion/peugeot/308/127270;automobile.tn;2026-07-13;2026-07-08;Peugeot;308;2021.0;150000.0;Automatique;Diesel;Nabeul;7.0;;;Traction;15.0;0;Standard;0;5.0;0;Province;130.0;1.5;72362;0.2537519692656366;18362.0;0.18;18.0;Moyenne;0.1067;True
Porsche Macan;145000.0;https://www.automobile.tn/fr/occasion/porsche/macan/127026;automobile.tn;2026-07-13;2026-07-13;Porsche;Macan;2016.0;93000.0;;Diesel;Tunis;16.0;;;Intégrale;10.0;1;Luxe;0;10.0;1;Grand Tunis;;;194192;0.2533163055120705;49192.0;0.1;10.0;Moyenne;0.1067;True
Renault Symbol Confort 1.2 75 cv;19700.0;https://www.automobile.tn/fr/occasion/renault/symbol/127457;automobile.tn;2026-07-13;2026-06-16;Renault;Symbol;2014.0;335000.0;;Essence;Kairouan;5.0;;;Traction;37.0;0;Standard;0;12.0;0;Province;75.0;1.2;26358;0.2525988314743152;6658.0;0.12;12.0;Moyenne;0.1067;True
vente micra 2020;32000.0;https://www.tayara.tn/item/voitures/tunis/la-marsa/vente-micra-2020/6a3a9f91b2b93a99b9769a78/;tayara.tn;2026-07-13;2026-06-24;Nissan;Micra;2020.0;105000.0;Automatique;Essence;Tunis;5.0;;;;29.0;0;Standard;0;6.0;1;Grand Tunis;;;42754;0.2515320203957524;10754.0;0.09;9.0;Moyenne;0.1067;True
GWM Haval H6 Luxury 1.5 T 143cv boite auto;48500.0;https://www.automobile.tn/fr/occasion/great-wall/h6/127460;automobile.tn;2026-07-13;2026-07-10;Gwm;Haval H6;2018.0;76000.0;Automatique;Essence;Tunis;9.0;;;Traction;13.0;0;Standard;0;8.0;1;Grand Tunis;143.0;1.5;64785;0.2513699158755885;16285.0;0.33;31.0;Élevée;0.1067;True
KIA Sportage LX GCC 2.0 Essence BVA 156ch 1.6 l T-GDI 7-DCT 180 cv Boîte auto;85000.0;https://www.automobile.tn/fr/occasion/kia/sportage/127831;automobile.tn;2026-07-13;2026-07-01;Kia;Sportage;2023.0;63000.0;Automatique;Essence;Mahdia;10.0;;;Traction;22.0;0;Standard;0;3.0;0;Province;180.0;2.0;113516;0.2512068783255224;28516.0;0.91;85.0;Élevée;0.1067;True
Land Rover Discovery Sport Pure 2.0 TD4 16V 4x4 5PL 180 cv Boîte auto;90000.0;https://www.automobile.tn/fr/occasion/land-rover/discovery-sport/127227;automobile.tn;2026-07-13;2026-07-06;Land Rover;Discovery Sport;2017.0;111500.0;Automatique;Diesel;Ariana;8.0;;;Intégrale;17.0;1;Luxe;0;9.0;1;Grand Tunis;180.0;2.0;120186;0.2511607009135839;30186.0;0.12;12.0;Moyenne;0.1067;True
VOITURE RENAULT KANGOO;5999.0;https://www.tayara.tn/item/voitures/ben-arous/el-mourouj-1/voiture-renault-kangoo/6a3ec91ab3da6e91fdbdfa62/;tayara.tn;2026-07-13;2026-06-27;Renault;Kangoo;2000.0;270000.0;Manuelle;Diesel;Ben Arous;7.0;;;;26.0;0;Standard;0;26.0;1;Grand Tunis;;;13177;0.5447370418152843;7178.0;0.04;5.0;Faible;0.1067;False
Voiture à vendre;8500.0;https://www.tayara.tn/item/voitures/ben-arous/hammam-lif/voiture-vendre/6a29a5e0b257aa5aca50c130/;tayara.tn;2026-07-13;2026-06-13;Renault;;;;Manuelle;;Ben Arous;;;;;40.0;0;Standard;0;;1;Grand Tunis;;;18629;0.5437221536314348;10129.0;;;;0.1067;False
Dacia Logan Van 1.5 dCi 68 cv;12200.0;https://www.automobile.tn/fr/occasion/dacia/logan-van/127846;automobile.tn;2026-07-13;2026-06-30;Dacia;Logan Van;2011.0;480000.0;;Diesel;Ben Arous;6.0;;;Traction;23.0;0;Standard;0;15.0;1;Grand Tunis;68.0;1.5;26065;0.5319393823134472;13865.0;0.0;1.0;Faible;0.1067;False
À Vendre – Fiat Palio 1;14800.0;https://www.tayara.tn/item/voitures/mahdia/mahdia/-vendre-fiat-palio-1/6a2bd04c14106929ded9915b/;tayara.tn;2026-07-13;2026-06-13;Fiat;Palio;;200000.0;;;Mahdia;;;;;40.0;0;Standard;0;;0;Province;;;30998;0.5225498419252855;16198.0;0.07;7.0;Faible;0.1067;False
Mercedes-Benz Classe A Berline Business 180 1.3 Ti 16V 7G-DCT 136 cv Boîte auto;50000.0;https://www.automobile.tn/fr/occasion/mercedes-benz/classe-a-berline/116844;automobile.tn;2026-07-13;2026-07-10;Mercedes-Benz;Classe A Berline;2021.0;100000.0;Automatique;Essence;Ariana;7.0;;;Traction;13.0;1;Luxe;0;5.0;1;Grand Tunis;136.0;1.3;103699;0.5178352732427507;53699.0;0.03;4.0;Faible;0.1067;False
Peugeot 106 a vendre;13000.0;https://www.tayara.tn/item/voitures/ariana/ariana-essoughra/peugeot-106-a-vendre/6a2483d5b257aa5aca4d64e6/;tayara.tn;2026-07-13;2026-06-13;Peugeot;106;;;;;Ariana;;;;;40.0;0;Standard;0;;1;Grand Tunis;;;26792;0.5147805315019409;13792.0;0.04;5.0;Faible;0.1067;False
Land Rover Freelander;65000.0;https://www.automobile.tn/fr/occasion/land-rover/freelander/124800;automobile.tn;2026-07-13;2026-06-27;Land Rover;Freelander;2013.0;52267.0;;Essence;Tunis;16.0;;;Intégrale;26.0;1;Luxe;0;13.0;1;Grand Tunis;;;130810;0.503096093570828;65810.0;0.01;2.0;Faible;0.1067;False
OPEL ASTRA G ESSENCE 1.2;20800.0;https://www.tayara.tn/item/voitures/tunis/tunis/opel-astra-g-essence-12/6a5409484956ba003a3f8589/;tayara.tn;2026-07-13;2026-07-12;Opel;Astra;;287000.0;Manuelle;Essence;Tunis;5.0;;;;11.0;0;Standard;0;;1;Grand Tunis;;1.2;40861;0.4909571474021683;20061.0;0.07;7.0;Faible;0.1067;False
Ford figo;19500.0;https://www.tayara.tn/item/voitures/sfax/sakiet-eddaer/ford-figo/6a27d8e4a849fd3c0e17662d/;tayara.tn;2026-07-13;2026-06-13;Ford;Figo;;;;;Sfax;;;;;40.0;0;Standard;0;;0;Province;;;36910;0.4716878894608507;17410.0;0.0;1.0;Faible;0.1067;False
voiture de collection gs citroen special a vendre  unique de ce genre  système hyrdolique tt en marche;17000.0;https://www.tayara.tn/item/voitures/ben-arous/mornag/voiture-de-collection-gs-citroen-special-a-vendre-unique-de-ce-genre-systme-hyrdolique-tt-en-marche/6a2087929c270fe91acfc0d1/;tayara.tn;2026-07-13;2026-06-13;Citroën;DS;;70000.0;Manuelle;Diesel;Ben Arous;6.0;;;;40.0;0;Standard;0;;1;Grand Tunis;;;31365;0.4579945799457994;14365.0;0.01;2.0;Faible;0.1067;False
SUZUKI CIAZ;27500.0;https://www.tayara.tn/item/voitures/ariana/ariana-essoughra/suzuki-ciaz/6a54eb7a4956ba003a3ff597/;tayara.tn;2026-07-14;2026-07-13;Suzuki;Ciaz;;;;;Ariana;;;;;10.0;0;Standard;0;;1;Grand Tunis;;;50621;0.4567471997787479;23121.0;0.04;5.0;Faible;0.1067;False
A vendre Peugeot 306 Occasion;10000.0;https://www.tayara.tn/item/voitures/tunis/tunis/a-vendre-peugeot-306-occasion/6a43fa9dc59ab3cb25a35e8a/;tayara.tn;2026-07-13;2026-07-01;Peugeot;306;2002.0;160000.0;Manuelle;Diesel;Tunis;7.0;;;;22.0;0;Standard;0;24.0;1;Grand Tunis;;;18252;0.4521148367302213;8252.0;0.02;3.0;Faible;0.1067;False
voiture chery;23500.0;https://www.tayara.tn/item/voitures/nabeul/klibia/voiture-chery/6a2c51d8ec535ff6e154ae39/;tayara.tn;2026-07-13;2026-06-13;Chery;;;;;;Nabeul;;;;;40.0;0;Standard;0;;0;Province;;;42736;0.4501123174840883;19236.0;;;;0.1067;False
Mercedes-Benz Classe E coupé;45000.0;https://www.automobile.tn/fr/occasion/mercedes-benz/classe-e-coupe/87599;automobile.tn;2026-07-13;2026-07-12;Mercedes-Benz;Classe E coupé;2011.0;60000.0;;Essence;Tunis;11.0;;;Propulsion;11.0;1;Luxe;0;15.0;1;Grand Tunis;;;80774;0.442890038873895;35774.0;0.07;7.0;Faible;0.1067;False
metsubishi mirage;17500.0;https://www.tayara.tn/item/voitures/le-kef/le-kef/metsubishi-mirage/6a3771ff11fc36f5d733b4a4/;tayara.tn;2026-07-13;2026-06-21;Mitsubishi;Canter;2014.0;163000.0;Manuelle;Essence;Le Kef;4.0;;;;32.0;0;Standard;0;12.0;0;Province;;;31295;0.4408052404537466;13795.0;0.02;3.0;Faible;0.1067;False
voiture 4R;5000.0;https://www.tayara.tn/item/voitures/bizerte/mateur/voiture-4r/6a246323b257aa5aca4d4d45/;tayara.tn;2026-07-13;2026-06-13;Renault;R4;1981.0;300000.0;Manuelle;Essence;Bizerte;5.0;;;;40.0;0;Standard;0;45.0;0;Province;;;8898;0.4380759721285682;3898.0;0.0;1.0;Faible;0.1067;False
Citroën C15 D 1.9 D Fourgon 60cv;8000.0;https://www.automobile.tn/fr/occasion/citroen/c15/127693;automobile.tn;2026-07-13;2026-06-24;Citroën;C15;2004.0;400000.0;;Diesel;Jendouba;7.0;;;Propulsion;29.0;0;Standard;0;22.0;0;Province;60.0;1.9;14113;0.4331467441366116;6113.0;0.01;2.0;Faible;0.1067;False
Mercedes-Benz CL 500 500 5.5 i V8 32V 7-G TRONIC 388 cv Boîte auto;90000.0;https://www.automobile.tn/fr/occasion/mercedes-benz/cl/127165;automobile.tn;2026-07-13;2026-07-12;Mercedes-Benz;CL;2008.0;44000.0;Automatique;Essence;Tunis;30.0;;;Propulsion;11.0;1;Luxe;0;18.0;1;Grand Tunis;388.0;5.5;154655;0.418059551905855;64655.0;0.01;2.0;Faible;0.1067;False
Jolie Nissan;15000.0;https://www.tayara.tn/item/voitures/tataouine/tataouine/jolie-nissan/6a4918c17b31d9554f361f8d/;tayara.tn;2026-07-13;2026-07-05;Nissan;Patrol GR;1990.0;250000.0;Automatique;Diesel;Tataouine;15.0;;;;18.0;0;Standard;0;36.0;0;Province;;;25676;0.415796853092382;10676.0;0.0;1.0;Faible;0.1067;False
Dongfeng Shine Max Hybride;82000.0;https://www.automobile.tn/fr/occasion/dongfeng/shine-max/127400;automobile.tn;2026-07-13;2026-06-19;Dongfeng;Shine Max Hybride;2025.0;9500.0;;Hybride essence;Ariana;9.0;;;Traction;34.0;0;Standard;1;1.0;1;Grand Tunis;;;139646;0.4128009395184968;57646.0;0.0;1.0;Faible;0.1067;False
Cadillac ATS 2.0 T 16V Berline 276 cv Boîte auto;69000.0;https://www.automobile.tn/fr/occasion/cadillac/ats/119429;automobile.tn;2026-07-13;2026-07-10;Cadillac;ATS;2014.0;58000.0;Automatique;Essence;Ariana;18.0;;;Traction;13.0;0;Standard;0;12.0;1;Grand Tunis;276.0;2.0;115284;0.4014780888935151;46284.0;0.0;1.0;Faible;0.1067;False
a vendre voiture Peugeot 607;12000.0;https://www.tayara.tn/item/voitures/tunis/la-marsa/a-vendre-voiture-peugeot-607/6a575dc07b31d9554f3e42a8/;tayara.tn;2026-07-15;2026-07-15;Peugeot;607;2002.0;333.0;Manuelle;Essence;Tunis;9.0;;;;8.0;0;Standard;0;24.0;1;Grand Tunis;;;20020;0.4005994005994006;8020.0;0.0;1.0;Faible;0.1067;False
Wallyscar 719 Atmos 1.6 L 115 cv;31000.0;https://www.automobile.tn/fr/occasion/wallyscar/719/120448;automobile.tn;2026-07-13;2026-07-12;Wallyscar;719;2023.0;67000.0;;Essence;Ben Arous;7.0;;;Traction;11.0;0;Standard;0;3.0;1;Grand Tunis;115.0;1.6;51335;0.3961235024836856;20335.0;0.01;2.0;Faible;0.1067;False
Peugeot Pickup 2.5 L 4x4 115 cv;53000.0;https://www.automobile.tn/fr/occasion/peugeot/pickup/124966;automobile.tn;2026-07-13;2026-07-10;Peugeot;Pickup;2020.0;85000.0;;Diesel;Tunis;8.0;;;Intégrale;13.0;0;Standard;0;6.0;1;Grand Tunis;115.0;2.5;87583;0.3948597330532181;34583.0;0.0;1.0;Faible;0.1067;False
bmw serie 1;34500.0;https://www.tayara.tn/item/voitures/ariana/el-menzah-6/bmw-serie-1/6a1830d660514491eae91ac9/;tayara.tn;2026-07-13;2026-06-13;Bmw;Serie 1;;;;;Ariana;;;;;40.0;1;Luxe;0;;1;Grand Tunis;;;56431;0.3886339068951462;21931.0;0.02;3.0;Faible;0.1067;False
Jeep Compass Limited 2.2 CRD 16V DPF 4WD 163 cv;49900.0;https://www.automobile.tn/fr/occasion/jeep/compass/127956;automobile.tn;2026-07-13;2026-07-02;Jeep;Compass;2013.0;220000.0;;Diesel;Jendouba;8.0;;;Intégrale;21.0;0;Standard;0;13.0;0;Province;163.0;2.2;80727;0.3818672810831568;30827.0;0.03;4.0;Faible;0.1067;False
BMW X6 M.Performance M50d xDrive 3.0 d 24V 381 cv Boîte auto;154000.0;https://www.automobile.tn/fr/occasion/bmw/x6/127507;automobile.tn;2026-07-13;2026-07-11;Bmw;X6;2015.0;17000.0;Automatique;Diesel;Ariana;26.0;;;Intégrale;12.0;1;Luxe;0;11.0;1;Grand Tunis;381.0;3.0;247854;0.3786664730042686;93854.0;0.04;5.0;Faible;0.1067;False
Citroen C-Elysee;20000.0;https://www.automax.tn/annonces/citroen-c-elysee-3/;AutoMax;2026-07-13;2026-07-09;Citroën;C-Elysee;2015.0;207000.0;Manuelle;Diesel;Kairouan;5.0;;;;14.0;0;Standard;0;11.0;0;Province;;;32133;0.3775869044284691;12133.0;0.01;2.0;Faible;0.1067;False
voiture c15;11000.0;https://www.tayara.tn/item/voitures/nabeul/nabeul/voiture-c15/6a3e2946c59ab3cb259ff0b5/;tayara.tn;2026-07-13;2026-06-26;Citroën;C15;2007.0;1.0;Manuelle;Diesel;Nabeul;1.0;;;;27.0;0;Standard;0;19.0;0;Province;;;17597;0.374893447746775;6597.0;0.01;2.0;Faible;0.1067;False
Mercedes-Benz ML AMG;72000.0;https://www.automobile.tn/fr/occasion/mercedes-benz/ml/126448;automobile.tn;2026-07-13;2026-07-12;Mercedes-Benz;ML;2016.0;300000.0;;Diesel;Tunis;12.0;;;Traction;11.0;1;Luxe;0;10.0;1;Grand Tunis;;;114802;0.3728332259019877;42802.0;0.04;5.0;Faible;0.1067;False
"Citroen ax
num : 58658923";9000.0;https://www.tayara.tn/item/voitures/la-manouba/mornaguia/citroen-axnum-58658923/6a3c391e11fc36f5d7365bfc/;tayara.tn;2026-07-13;2026-06-25;Citroën;AX;2000.0;1000.0;Automatique;Essence;La Manouba;;;;;28.0;0;Standard;0;26.0;0;Province;;;14342;0.372472458513457;5342.0;0.01;2.0;Faible;0.1067;False
Mini Cooper 3 portes Pack Chili Cooper S 1.6 i 16V Turbo 184 cv;33200.0;https://www.automobile.tn/fr/occasion/mini/3-portes/127597;automobile.tn;2026-07-13;2026-06-20;Mini;Cooper 3 portes;2013.0;230000.0;;Essence;Sousse;4.0;;;Traction;33.0;0;Standard;0;13.0;0;Province;184.0;1.6;52891;0.3722939630560965;19691.0;0.04;5.0;Faible;0.1067;False
Peugeot Landtrek Double Cabine 1.9 d 150 cv double cabine 4x2;41000.0;https://www.automobile.tn/fr/occasion/peugeot/landtrek-double-cabine/127430;automobile.tn;2026-07-13;2026-06-22;Peugeot;Landtrek Double Cabine;2024.0;111000.0;;Diesel;Nabeul;6.0;;;Propulsion;31.0;0;Standard;0;2.0;0;Province;150.0;1.9;65192;0.3710884771137563;24192.0;0.05;6.0;Faible;0.1067;False
Hyundai accent à vendre;32000.0;https://www.tayara.tn/item/voitures/tunis/tunis/hyundai-accent-vendre/6a244529a849fd3c0e1532b0/;tayara.tn;2026-07-13;2026-06-13;Hyundai;Accent;2016.0;168000.0;Automatique;Essence;Tunis;6.0;;;;40.0;0;Standard;0;10.0;1;Grand Tunis;;;50710;0.3689607572470913;18710.0;0.0;1.0;Faible;0.1067;False
Honda Civic RS 1.5 i-VTEC 16V Turbo CVT 182 cv Boîte auto;60000.0;https://www.automobile.tn/fr/occasion/honda/civic/125946;automobile.tn;2026-07-13;2026-07-13;Honda;Civic;2020.0;172000.0;Automatique;Essence;Ben Arous;10.0;;;Traction;10.0;0;Standard;0;6.0;1;Grand Tunis;182.0;1.5;95035;0.3686536539169779;35035.0;0.0;1.0;Faible;0.1067;False
Land Rover Defender 110 X;45000.0;https://www.automobile.tn/fr/occasion/land-rover/defender/128002;automobile.tn;2026-07-13;2026-07-04;Land Rover;Defender 110;;328000.0;;Diesel;Ariana;9.0;;;Intégrale;19.0;1;Luxe;0;;1;Grand Tunis;;;70812;0.3645144890696492;25812.0;0.07;7.0;Faible;0.1067;False
Mercedes-Benz Classe A Berline AMG 250 e 1.3 Ti 16V 163 EQ Power 8G-DCT 218 cv Boîte auto;139000.0;https://www.automobile.tn/fr/occasion/mercedes-benz/classe-a-berline/119912;automobile.tn;2026-07-13;2026-07-11;Mercedes-Benz;Classe A Berline;2024.0;24000.0;Automatique;Hybride rechargeable essence;Tunis;8.0;;;Traction;12.0;1;Luxe;0;2.0;1;Grand Tunis;218.0;1.3;218229;0.3630544061513364;79229.0;0.03;4.0;Faible;0.1067;False
Audi E-tron;118000.0;https://www.automobile.tn/fr/occasion/audi/e-tron/123898;automobile.tn;2026-07-13;2026-07-11;Audi;e-tron;2020.0;73000.0;;Electrique;Tunis;12.0;;;Traction;12.0;1;Luxe;0;6.0;1;Grand Tunis;;;182603;0.3537893681921983;64603.0;0.03;4.0;Faible;0.1067;False
Wallyscar 619 1.3 L 71 cv;23000.0;https://www.automobile.tn/fr/occasion/wallyscar/619/128450;automobile.tn;2026-07-21;2026-07-19;Wallyscar;619;2021.0;83747.0;;Essence;Sfax;5.0;;;;4.0;0;Standard;0;5.0;0;Province;71.0;1.3;35457;0.3513269594156302;12457.0;0.0;1.0;Faible;0.1067;False
Chery QQ Populaire 1.0 69 cv;25000.0;https://www.automobile.tn/fr/occasion/chery/qq/128355;automobile.tn;2026-07-16;2026-07-15;Chery;QQ;2021.0;33000.0;;Essence;Sfax;4.0;;;;8.0;0;Standard;0;5.0;0;Province;69.0;1.0;38122;0.3442106919888778;13122.0;0.03;4.0;Faible;0.1067;False
Alfa Romeo Giulietta 1.4 TB 16V TCT MultiAir S&S 170 cv Boîte auto;46500.0;https://www.automobile.tn/fr/occasion/alfa-romeo/giulietta/127918;automobile.tn;2026-07-13;2026-07-01;Alfa Romeo;Giulietta;2019.0;88000.0;Automatique;Essence;Ben Arous;9.0;;;Traction;22.0;0;Standard;0;7.0;1;Grand Tunis;170.0;1.4;70717;0.3424494817370646;24217.0;0.03;4.0;Faible;0.1067;False
Isuzu D-Max Double Cabine;75000.0;https://www.automobile.tn/fr/occasion/isuzu/d-max-dc/127710;automobile.tn;2026-07-13;2026-06-24;Isuzu;D-Max Double Cabine;2022.0;54000.0;;Diesel;Tunis;8.0;;;Propulsion;29.0;0;Standard;0;4.0;1;Grand Tunis;;;113978;0.3419782765095018;38978.0;0.04;5.0;Faible;0.1067;False
Hyundai Veloster 1.6 MPI Coupé 16V 132 cv Boîte auto;35500.0;https://www.automobile.tn/fr/occasion/hyundai/veloster/126964;automobile.tn;2026-07-13;2026-07-10;Hyundai;Veloster;2017.0;130000.0;Automatique;Essence;Ariana;8.0;;;Traction;13.0;0;Standard;0;9.0;1;Grand Tunis;132.0;1.6;53873;0.3410428229354222;18373.0;0.01;2.0;Faible;0.1067;False
Ssangyong Actyon Sports 200 2.0 e-XDi 4WD Pickup double cabine 155 cv;36000.0;https://www.automobile.tn/fr/occasion/ssangyong/actyon-sports/127450;automobile.tn;2026-07-13;2026-07-12;Ssangyong;Actyon Sports;2019.0;195000.0;;Diesel;Ben Arous;7.0;;;Intégrale;11.0;0;Standard;0;7.0;1;Grand Tunis;155.0;2.0;54243;0.336319893811183;18243.0;0.02;3.0;Faible;0.1067;False
Ford Ka Titanium Piste 1.2 i 69 cv;24500.0;https://www.automobile.tn/fr/occasion/ford/ka/128241;automobile.tn;2026-07-13;2026-07-12;Ford;Ka;2015.0;135000.0;;Essence;Tunis;4.0;;;Traction;11.0;0;Standard;0;11.0;1;Grand Tunis;69.0;1.2;36750;0.3333333333333333;12250.0;0.0;1.0;Faible;0.1067;False
Volkswagen ID.4 batterie 82 kWh Pro 286 cv Boîte auto;108000.0;https://www.automobile.tn/fr/occasion/volkswagen/id.4/128474;automobile.tn;2026-07-21;2026-07-20;Volkswagen;ID.4;2024.0;45000.0;Automatique;Electrique;Tunis;6.0;;;;3.0;0;Standard;0;2.0;1;Grand Tunis;286.0;;161590;0.3316418095179157;53590.0;0.02;3.0;Faible;0.1067;False
Chevrolet Malibu;26500.0;https://www.automobile.tn/fr/occasion/chevrolet/malibu/126905;automobile.tn;2026-07-13;2026-06-29;Chevrolet;Malibu;2011.0;140000.0;;Essence;Ben Arous;12.0;;;Traction;24.0;0;Standard;0;15.0;1;Grand Tunis;;;39463;0.3284849099156172;12963.0;0.0;1.0;Faible;0.1067;False
voiture de collection citroën Gs à vendre année 1974;15000.0;https://www.tayara.tn/item/voitures/ben-arous/mornag/voiture-de-collection-citron-gs-vendre-anne-1974/6a5d3a267b31d9554f413bd8/;tayara.tn;2026-07-21;2026-07-19;Citroën;CX;;20000.0;Manuelle;Essence;Ben Arous;6.0;;;;4.0;0;Standard;0;;1;Grand Tunis;;;22158;0.3230435959924181;7158.0;0.01;2.0;Faible;0.1067;False
Geely GC6 1.5 l 100 cv;31000.0;https://www.automobile.tn/fr/occasion/geely/gc-6/127763;automobile.tn;2026-07-13;2026-06-26;Geely;Gc 6;2020.0;90000.0;;Essence;Tunis;6.0;;;Traction;27.0;0;Standard;0;6.0;1;Grand Tunis;100.0;1.5;45674;0.3212768752463108;14674.0;0.0;1.0;Faible;0.1067;False
106;8500.0;https://www.tayara.tn/item/voitures/tunis/sidi-hassine/106/6a3e5bddc59ab3cb25a01356/;tayara.tn;2026-07-13;2026-06-26;Peugeot;106;1990.0;350.0;Manuelle;Essence;Tunis;4.0;;;;27.0;0;Standard;0;36.0;1;Grand Tunis;;;12461;0.3178717598908595;3961.0;0.04;5.0;Faible;0.1067;False
Vente Mercedes GLC;115000.0;https://www.tayara.tn/item/voitures/sfax/sfax-ville/vente-mercedes-glc/6a122619453ae0812f09958f/;tayara.tn;2026-07-13;2026-06-13;Mercedes-Benz;Classe GLC;2018.0;165000.0;Automatique;Diesel;Sfax;12.0;;;;40.0;1;Luxe;0;8.0;0;Province;;;168337;0.3168465637382156;53337.0;0.01;2.0;Faible;0.1067;False
Attrage Mitsubishi   tel99588008;34000.0;https://www.tayara.tn/item/voitures/sousse/sousse-jawhara/attrage-mitsubishi-tel99588008/6a232199a849fd3c0e149d27/;tayara.tn;2026-07-13;2026-07-10;Mitsubishi;Attrage;2021.0;62000.0;Manuelle;Essence;Sousse;;;;;13.0;0;Standard;0;5.0;0;Province;;;49740;0.3164455166867712;15740.0;0.02;3.0;Faible;0.1067;False
Audi 80 Fantome;10497.0;https://www.tayara.tn/item/voitures/tunis/tunis/audi-80-fantome/6a2848a8b257aa5aca4fd466/;tayara.tn;2026-07-13;2026-06-13;Audi;80;1988.0;;Manuelle;Diesel;Tunis;5.0;;;;40.0;1;Luxe;0;38.0;1;Grand Tunis;;;15342;0.3157997653500196;4845.0;0.0;1.0;Faible;0.1067;False
Tata Xenon X2 Double Cabine 4x4;25000.0;https://www.automobile.tn/fr/occasion/tata/xenon-x2-double-cabine-4x4/125303;automobile.tn;2026-07-13;2026-06-15;Tata;Xenon X2 Double Cabine 4x4;2019.0;270000.0;;Diesel;Ariana;7.0;;;Propulsion;38.0;0;Standard;0;7.0;1;Grand Tunis;;;36429;0.3137335639188559;11429.0;0.0;1.0;Faible;0.1067;False
MG 3 Confort Plus 1.5 L 112 cv Boîte auto;48000.0;https://www.automobile.tn/fr/occasion/mg/3/126495;automobile.tn;2026-07-13;2026-06-22;Mg;3;2021.0;40000.0;Automatique;Essence;Tunis;7.0;;;Traction;31.0;0;Standard;0;5.0;1;Grand Tunis;112.0;1.5;69601;0.3103547362825247;21601.0;0.0;1.0;Faible;0.1067;False
Volkswagen Touran  1.4Turbo;30000.0;https://www.tayara.tn/item/voitures/tunis/l-aouina/volkswagen-touran-14turbo/6a5b471b7b31d9554f403e6d/;tayara.tn;2026-07-19;2026-07-18;Volkswagen;Touran;2012.0;;Automatique;Essence;Tunis;8.0;;;;5.0;0;Standard;0;14.0;1;Grand Tunis;;;43429;0.3092173432499021;13429.0;0.01;2.0;Faible;0.1067;False
Opel Astra Elegance 1.2 i 12V Turbo S&S 110 cv;43000.0;https://www.automobile.tn/fr/occasion/opel/astra/128291;automobile.tn;2026-07-14;2026-07-14;Opel;Astra;2021.0;59000.0;;Essence;Ben Arous;6.0;;;;9.0;0;Standard;0;5.0;1;Grand Tunis;110.0;1.2;61997;0.3064180524864106;18997.0;0.07;7.0;Faible;0.1067;False
LaDa 4x4 bonne occasion -  Modifiée;32000.0;https://www.tayara.tn/item/voitures/ariana/ariana/lada-4x4-bonne-occasion-modifie/6a5fb4cc7b31d9554f426018/;tayara.tn;2026-07-22;2026-07-21;Lada;4x4;2018.0;80000.0;Manuelle;Essence;Ariana;;;;;2.0;0;Standard;0;8.0;1;Grand Tunis;;;46014;0.304559481896814;14014.0;0.02;3.0;Faible;0.1067;False
Jaguar X-Type 2.0 i V6 159cv;23000.0;https://www.automobile.tn/fr/occasion/jaguar/x-type/127371;automobile.tn;2026-07-13;2026-06-13;Jaguar;X-Type;2002.0;281000.0;;Essence;Ariana;10.0;;;Intégrale;40.0;1;Luxe;0;24.0;1;Grand Tunis;159.0;2.0;33069;0.3044845625812695;10069.0;0.0;1.0;Faible;0.1067;False
Great Falls m4;37000.0;https://www.tayara.tn/item/voitures/tunis/le-bardo/great-falls-m4/6a406dfab3da6e91fdbee266/;tayara.tn;2026-07-13;2026-06-28;Gwm;M4;2022.0;180000.0;Manuelle;Essence;Tunis;6.0;;;;25.0;0;Standard;0;4.0;1;Grand Tunis;;;53136;0.3036735922914784;16136.0;0.04;5.0;Faible;0.1067;False
Citroën Berlingo Van;50000.0;https://www.automobile.tn/fr/occasion/citroen/berlingo-van/124898;automobile.tn;2026-07-13;2026-07-10;Citroën;Berlingo Van;2022.0;144000.0;;Diesel;Ariana;7.0;;;Traction;13.0;0;Standard;0;4.0;1;Grand Tunis;;;71585;0.3015296500663547;21585.0;0.03;4.0;Faible;0.1067;False
Ford Fusion SE 1.5 L EcoBoost 160 cv Boîte auto;45000.0;https://www.automobile.tn/fr/occasion/ford/fusion/125276;automobile.tn;2026-07-13;2026-06-08;Ford;Fusion;2020.0;111993.0;Automatique;Essence;Tunis;9.0;;;Traction;45.0;0;Standard;0;6.0;1;Grand Tunis;160.0;1.5;64373;0.3009491557019247;19373.0;0.04;5.0;Faible;0.1067;False
Volvo S80 D3 2.0 d DPF 20V Geartronic S&S 163 cv Boîte auto;33500.0;https://www.automobile.tn/fr/occasion/volvo/s80/127438;automobile.tn;2026-07-13;2026-06-16;Volvo;S80;2012.0;353215.0;Automatique;Diesel;Ariana;9.0;;;Traction;37.0;0;Standard;0;14.0;1;Grand Tunis;163.0;2.0;47471;0.2943059973457479;13971.0;0.01;2.0;Faible;0.1067;False
Tata Xenon X2 Simple Cabine;45000.0;https://www.automobile.tn/fr/occasion/tata/xenon-x2/127572;automobile.tn;2026-07-13;2026-07-01;Tata;Xenon X2 Simple Cabine;2023.0;143000.0;;Diesel;Gabès;7.0;;;Propulsion;22.0;0;Standard;0;3.0;0;Province;;;63671;0.293241821237298;18671.0;0.0;1.0;Faible;0.1067;False
Avendre voiture hyundai venue;85000.0;https://www.tayara.tn/item/voitures/tunis/cit-olympique/avendre-voiture-hyundai-venue/6a38424f11fc36f5d7342542/;tayara.tn;2026-07-13;2026-06-22;Hyundai;Venue;2023.0;40000.0;Automatique;Essence;Tunis;16.0;;;;31.0;0;Standard;0;3.0;1;Grand Tunis;;;119919;0.2911882187142988;34919.0;0.0;1.0;Faible;0.1067;False
Wallyscar 719 Atmos 1.6 L 115 cv;31500.0;https://www.automobile.tn/fr/occasion/wallyscar/719/121400;automobile.tn;2026-07-13;2026-07-10;Wallyscar;719;2023.0;78000.0;;Essence;Ariana;7.0;;;Traction;13.0;0;Standard;0;3.0;1;Grand Tunis;115.0;1.6;44304;0.2890032502708559;12804.0;0.01;2.0;Faible;0.1067;False
Jeep Wrangler Sahara UNLIMITED 3.6 L V6 284 cv Boîte auto;197001.0;https://www.automobile.tn/fr/occasion/jeep/wrangler-2021/127841;automobile.tn;2026-07-13;2026-06-28;Jeep;Wrangler;2025.0;10000.0;Automatique;Essence;Ariana;23.0;;;Intégrale;25.0;0;Standard;1;1.0;1;Grand Tunis;284.0;3.6;277077;0.2890026960014725;80076.0;0.01;2.0;Faible;0.1067;False
Peugeot 306;9000.0;https://www.tayara.tn/item/voitures/ben-arous/fouchana/peugeot-306/6a1a118c60514491eaea29cb/;tayara.tn;2026-07-13;2026-06-13;Peugeot;306;2000.0;250000.0;Manuelle;Diesel;Ben Arous;7.0;;;;40.0;0;Standard;0;26.0;1;Grand Tunis;;;12606;0.2860542598762494;3606.0;0.02;3.0;Faible;0.1067;False
BMW Série 7 Pure Excellence;47000.0;https://www.automobile.tn/fr/occasion/bmw/serie-7/78787;automobile.tn;2026-07-13;2026-07-11;Bmw;Série 7;2008.0;220000.0;;Essence;Tunis;22.0;;;Traction;12.0;1;Luxe;0;18.0;1;Grand Tunis;;;65804;0.2857577046988025;18804.0;0.03;4.0;Faible;0.1067;False
Mercedes-Benz ML ML 350 3.0 CDI V6 4MATIC Break 24V 231 cv Boîte auto;60000.0;https://www.automobile.tn/fr/occasion/mercedes-benz/ml/122277;automobile.tn;2026-07-13;2026-07-11;Mercedes-Benz;ML;2010.0;190000.0;Automatique;Diesel;Tunis;15.0;;;Intégrale;12.0;1;Luxe;0;16.0;1;Grand Tunis;231.0;3.0;83969;0.2854505829532327;23969.0;0.04;5.0;Faible;0.1067;False
Mercedes 190 1985 Essence + GPL;11000.0;https://www.tayara.tn/item/voitures/kasserine/kasserine-nord/mercedes-190-1985-essence-gpl/6a52c5864956ba003a3ecc1e/;tayara.tn;2026-07-13;2026-07-12;Mercedes-Benz;190;1985.0;190000.0;Manuelle;Essence;Kasserine;7.0;;;;11.0;1;Luxe;0;41.0;0;Province;;;15388;0.2851572654016116;4388.0;0.01;2.0;Faible;0.1067;False
Ford Fusion SE 1.5 L EcoBoost 160 cv;36000.0;https://www.automobile.tn/fr/occasion/ford/fusion/121951;automobile.tn;2026-07-13;2026-07-12;Ford;Fusion;2016.0;225000.0;;Essence;Ben Arous;9.0;;;Traction;11.0;0;Standard;0;10.0;1;Grand Tunis;160.0;1.5;50288;0.2841234489341394;14288.0;0.04;5.0;Faible;0.1067;False
Chevrolet Cruze;33000.0;https://www.automobile.tn/fr/occasion/chevrolet/cruze/128236;automobile.tn;2026-07-13;2026-07-11;Chevrolet;Cruze;2017.0;86000.0;;Essence;Tunis;9.0;;;Intégrale;12.0;0;Standard;0;9.0;1;Grand Tunis;;;45838;0.2800733016274707;12838.0;0.02;3.0;Faible;0.1067;False
Mercedes-Benz Classe E Plug-in Hybride AMG;170000.0;https://www.automobile.tn/fr/occasion/mercedes-benz/classe-e-plug-in-hybride/128146;automobile.tn;2026-07-13;2026-07-08;Mercedes-Benz;Classe E Plug-in Hybride;2020.0;80000.0;;Diesel;Tunis;11.0;;;Intégrale;15.0;1;Luxe;0;6.0;1;Grand Tunis;;;235689;0.2787105040965;65689.0;0.01;2.0;Faible;0.1067;False
Mercedes-Benz Classe E coupé AMG 350 3.5 V6 24V 7G-TRONIC BlueEFFICIENCY 306 cv Boîte auto;72500.0;https://www.automobile.tn/fr/occasion/mercedes-benz/classe-e-coupe/127816;automobile.tn;2026-07-13;2026-06-27;Mercedes-Benz;Classe E coupé;2012.0;200000.0;Automatique;Essence;Ariana;20.0;;;Propulsion;26.0;1;Luxe;0;14.0;1;Grand Tunis;306.0;3.5;100046;0.2753333466605361;27546.0;0.07;7.0;Faible;0.1067;False
À vendre opel corsa D 2011 importé de l'Allemagne🇩🇪 en 2015 24207818;28000.0;https://www.tayara.tn/item/voitures/nabeul/hammamet/-vendre-opel-corsa-d-2011-import-de-lallemagne-en-2015-24207818/6a1b48e5ddff5c7827dfa80e/;tayara.tn;2026-07-13;2026-06-13;Opel;Corsa;;;;;Nabeul;;;;;40.0;0;Standard;0;;0;Province;;;38635;0.2752685388896079;10635.0;0.03;4.0;Faible;0.1067;False
BMW Série 4 Coupé Pack M Sport 420i 2.0 i 16V Steptronic8 184 cv Boîte auto;120000.0;https://www.automobile.tn/fr/occasion/bmw/serie-4-coupe/128383;automobile.tn;2026-07-16;2026-07-16;Bmw;Série 4 Coupé;2019.0;109000.0;Automatique;Essence;Ben Arous;11.0;;;;7.0;1;Luxe;0;7.0;1;Grand Tunis;184.0;2.0;165309;0.2740867103424496;45309.0;0.07;7.0;Faible;0.1067;False
Peugeot Expert Tepee;55000.0;https://www.automobile.tn/fr/occasion/peugeot/expert-tepee/126852;automobile.tn;2026-07-13;2026-07-12;Peugeot;Expert Tepee;2017.0;187000.0;;Diesel;Ben Arous;8.0;;;Traction;11.0;0;Standard;0;9.0;1;Grand Tunis;;;75582;0.2723135137995819;20582.0;0.0;1.0;Faible;0.1067;False
Audi A3 S-Line;145000.0;https://www.automobile.tn/fr/occasion/audi/a3/128329;automobile.tn;2026-07-14;2026-07-14;Audi;A3;2026.0;2195.0;;Hybride léger essence;Sfax;8.0;;;;9.0;1;Luxe;1;0.0;0;Province;;;199251;0.2722746686340344;54251.0;0.05;6.0;Faible;0.1067;False
voiture;20000.0;https://www.tayara.tn/item/voitures/nabeul/korba/voiture/6a3cfc7eb3da6e91fdbcedc0/;tayara.tn;2026-07-13;2026-06-25;Mercedes-Benz;250;1988.0;1.0;Manuelle;Diesel;Nabeul;8.0;;;;28.0;1;Luxe;0;38.0;0;Province;;;27451;0.271429091836363;7451.0;0.02;3.0;Faible;0.1067;False
GWM M4;50500.0;https://www.automobile.tn/fr/occasion/great-wall/m4/123478;automobile.tn;2026-07-13;2026-07-09;Gwm;M4;2024.0;19300.0;;Essence;Ariana;6.0;;;Traction;14.0;0;Standard;0;2.0;1;Grand Tunis;;;69288;0.271158064888581;18788.0;0.04;5.0;Faible;0.1067;False
voiture peugout expert;14000.0;https://www.tayara.tn/item/voitures/ben-arous/rads/voiture-peugout-expert/6a4d46824956ba003a3b8d64/;tayara.tn;2026-07-13;2026-07-08;Peugeot;Expert;2004.0;320000.0;Manuelle;Diesel;Ben Arous;8.0;;;;15.0;0;Standard;0;22.0;1;Grand Tunis;;;19202;0.2709092802833038;5202.0;0.02;3.0;Faible;0.1067;False
suzuki swift 2017;24500.0;https://www.tayara.tn/item/voitures/sfax/sfax/suzuki-swift-2017/6a4b85444956ba003a3a643a/;tayara.tn;2026-07-13;2026-07-06;Suzuki;Swift;2017.0;360.0;Manuelle;Essence;Sfax;5.0;;;;17.0;0;Standard;0;9.0;0;Province;;;33494;0.2685257060966143;8994.0;0.05;6.0;Faible;0.1067;False
Lada 4x4 Urban 1.7 i 4x4 83 cv;28000.0;https://www.automobile.tn/fr/occasion/lada/4x4/126848;automobile.tn;2026-07-13;2026-07-11;Lada;4x4;2018.0;90000.0;;Essence;Tunis;7.0;;;Intégrale;12.0;0;Standard;0;8.0;1;Grand Tunis;83.0;1.7;38219;0.2673800989036866;10219.0;0.02;3.0;Faible;0.1067;False
Fiat Doblo Maxi 3 places Maxi 1.3 MJTD 16V Fourgon long 90 cv;28000.0;https://www.automobile.tn/fr/occasion/fiat/doblo-maxi/123941;automobile.tn;2026-07-13;2026-07-03;Fiat;Doblo Maxi;2020.0;233000.0;;Diesel;Tunis;5.0;;;Traction;20.0;0;Standard;0;6.0;1;Grand Tunis;90.0;1.3;38199;0.2669965182334616;10199.0;0.01;2.0;Faible;0.1067;False
voiture;10700.0;https://www.tayara.tn/item/voitures/tunis/tunis/voiture/6a2704fea849fd3c0e16dd06/;tayara.tn;2026-07-13;2026-06-13;Peugeot;306;2000.0;0.0;Manuelle;Diesel;Tunis;4.0;;;;40.0;0;Standard;0;26.0;1;Grand Tunis;;;14594;0.2668219816362889;3894.0;0.02;3.0;Faible;0.1067;False
Fiat 500X Pop Star 1.4 MultiAir 16V 4x2 DCT 140 cv Boîte auto;44000.0;https://www.automobile.tn/fr/occasion/fiat/500x/127303;automobile.tn;2026-07-13;2026-07-10;Fiat;500X;2018.0;61000.0;Automatique;Essence;Ariana;7.0;;;Traction;13.0;0;Standard;0;8.0;1;Grand Tunis;140.0;1.4;59803;0.2642509573098339;15803.0;0.03;4.0;Faible;0.1067;False
Mitsubishi Attrage;33500.0;https://www.automobile.tn/fr/occasion/mitsubishi/attrage/128109;automobile.tn;2026-07-13;2026-07-07;Mitsubishi;Attrage;2021.0;64000.0;;Essence;Sousse;4.0;;;Traction;16.0;0;Standard;0;5.0;0;Province;;;45499;0.2637200817600387;11999.0;0.02;3.0;Faible;0.1067;False
Bmw Serie 3;38000.0;https://www.automax.tn/annonces/bmw-serie-3-5/;AutoMax;2026-07-13;2026-06-26;Bmw;Serie 3;2009.0;230000.0;Automatique;Diesel;Monastir;8.0;;;;27.0;1;Luxe;0;17.0;0;Province;;;51601;0.2635801631751323;13601.0;0.03;4.0;Faible;0.1067;False
Volkswagen Polo Sedan Highline 1.4L (2013) – 30 000 DT;30000.0;https://www.tayara.tn/item/voitures/mahdia/chebba/volkswagen-polo-sedan-highline-14l-2013-30-000-dt/6a5603767b31d9554f3d7b8f/;tayara.tn;2026-07-14;2026-07-14;Volkswagen;Polo Sedan;;;;;Mahdia;;;;;9.0;0;Standard;0;;0;Province;;;40576;0.2606466876971609;10576.0;0.04;5.0;Faible;0.1067;False
VOITURE NEUF AVEC 9000 KM CERTIFIE;33330.0;https://www.tayara.tn/item/voitures/bizerte/menzel-jemil/voiture-neuf-avec-9000-km-certifie/6a50b7e27b31d9554f3a7217/;tayara.tn;2026-07-13;2026-07-10;Renault;Express;2024.0;9000.0;Manuelle;Diesel;Bizerte;5.0;;;;13.0;0;Standard;0;2.0;0;Province;;;44895;0.2576010691613765;11565.0;0.03;4.0;Faible;0.1067;False
Vend voiture wallys;32000.0;https://www.tayara.tn/item/voitures/tunis/autres-villes/vend-voiture-wallys/6a4f727e4956ba003a3cc4a4/;tayara.tn;2026-07-13;2026-07-09;Wallys;;2020.0;90000.0;Manuelle;Essence;Tunis;;;;;14.0;0;Standard;0;6.0;1;Grand Tunis;;;42988;0.255606215688099;10988.0;;;;0.1067;False
voiture volsvagen virtus 2024;58000.0;https://www.tayara.tn/item/voitures/monastir/monastir/voiture-volsvagen-virtus-2024/6a53cae27b31d9554f3c57c6/;tayara.tn;2026-07-13;2026-07-12;Volkswagen;Jetta;2024.0;50000.0;Manuelle;Essence;Monastir;6.0;;;;11.0;0;Standard;0;2.0;0;Province;;;77705;0.2535872852454797;19705.0;0.07;7.0;Faible;0.1067;False
Land Rover Discovery toute option 2.0 Td4 16V 4WD 180 cv Boîte auto;79000.0;https://www.automobile.tn/fr/occasion/land-rover/discovery/127357;automobile.tn;2026-07-13;2026-07-11;Land Rover;Discovery;2018.0;189000.0;Automatique;Diesel;Ariana;9.0;;;Intégrale;12.0;1;Luxe;0;8.0;1;Grand Tunis;180.0;2.0;105754;0.2529833386916807;26754.0;0.03;4.0;Faible;0.1067;False
Toyota Agya;36500.0;https://www.automax.tn/annonces/toyota-agya-2/;AutoMax;2026-07-13;2026-07-12;Toyota;Agya;2022.0;80000.0;Automatique;Essence;Bizerte;5.0;;;;11.0;0;Standard;0;4.0;0;Province;;;48752;0.2513127666557269;12252.0;0.05;6.0;Faible;0.1067;False
Audi E-tron Sportback 55 Quattro 408 cv;159000.0;https://www.automobile.tn/fr/occasion/audi/e-tron-sportback/116935;automobile.tn;2026-07-13;2026-07-12;Audi;E-tron Sportback;2020.0;32000.0;;Electrique;Ben Arous;12.0;;;Intégrale;11.0;1;Luxe;0;6.0;1;Grand Tunis;408.0;;212361;0.2512749516154096;53361.0;0.01;2.0;Faible;0.1067;False
Opel Corsa Edition 1.2 i 12V S&S 75 cv;32500.0;https://www.automobile.tn/fr/occasion/opel/corsa/124972;automobile.tn;2026-07-13;2026-07-12;Opel;Corsa;2021.0;191000.0;;Essence;Ben Arous;5.0;;;Traction;11.0;0;Standard;0;5.0;1;Grand Tunis;75.0;1.2;43343;0.2501672703781464;10843.0;0.03;4.0;Faible;0.1067;False
