Titre;Prix_DT;Lien;Source;Annonce-Detectee;Annonce-Deposee;Marque;Modèle;Année;Kilométrage;Boite;Energie;Localisation;Puissance_Fiscale;Etat_Vehicule;Statut
Toyota Agya;36500;https://www.automax.tn/annonces/toyota-agya-2/;AutoMax;2026-07-13;2026-07-12;Toyota;Agya;2022;80000;Automatique;Essence;Bizerte;5;;
Citroen C-Elysee;20000;https://www.automax.tn/annonces/citroen-c-elysee-3/;AutoMax;2026-07-13;2026-07-09;Citroen;C-Elysee;2015;207000;Manuelle;Diesel;Kairouan;5;;
Volkswagen Golf 7;98000;https://www.automax.tn/annonces/volkswagen-golf-7-9/;AutoMax;2026-07-13;2026-07-07;Volkswagen;Golf 7;2018;152000;Manuelle;Essence;Nabeul;6;;
Peugeot 301;34700;https://www.automax.tn/annonces/peugeot-301-4/;AutoMax;2026-07-13;2026-07-07;Peugeot;301;2023;90000;Manuelle;Essence;Bizerte;5;;
Fiat Panda City Cross;44500;https://www.automax.tn/annonces/fiat-panda-city-cross/;AutoMax;2026-07-13;2026-07-06;Fiat;Panda City Cross;2022;70000;Manuelle;Essence;Bizerte;4;;
Mercedes Classe C;79000;https://www.automax.tn/annonces/mercedes-classe-c-6/;AutoMax;2026-07-13;2026-07-04;Mercedes;Classe C;2018;123000;Automatique;Essence;Tunis;8;;
Peugeot 208;38000;https://www.automax.tn/annonces/peugeot-208-11/;AutoMax;2026-07-13;2026-07-01;Peugeot;208;2023;69000;Manuelle;Essence;Bizerte;5;;
Kia Rio;49800;https://www.automax.tn/annonces/kia-rio-12/;AutoMax;2026-07-13;2026-07-01;Kia;Rio;2022;90000;Manuelle;Essence;Bizerte;5;;
Suzuki Ciaz;45000;https://www.automax.tn/annonces/suzuki-ciaz/;AutoMax;2026-07-13;2026-06-29;Suzuki;Ciaz;2019;124;Manuelle;Essence;Sousse;5;;
Mercedes Classe C;38000;https://www.automax.tn/annonces/mercedes-classe-c-5/;AutoMax;2026-07-13;2026-06-29;Mercedes;Classe C;2010;267000;Manuelle;Essence;Tunis;9;;
Peugeot 208;37500;https://www.automax.tn/annonces/peugeot-208-7/;AutoMax;2026-07-13;2026-06-28;Peugeot;208;2023;70000;Manuelle;Essence;Bizerte;5;;
Volkswagen Polo 7;32000;https://www.automax.tn/annonces/volkswagen-polo-7-2/;AutoMax;2026-07-13;2026-06-28;Volkswagen;Polo 7;2013;265000;Manuelle;Essence;Sfax;5;;
Hyundai Tucson;79000;https://www.automax.tn/annonces/hyundai-tucson-2/;AutoMax;2026-07-13;2026-06-27;Hyundai;Tucson;2021;110000;Automatique;Essence;Tunis;10;;
Bmw Serie 3;38000;https://www.automax.tn/annonces/bmw-serie-3-5/;AutoMax;2026-07-13;2026-06-26;Bmw;Serie 3;2009;230000;Automatique;Diesel;Monastir;8;;
Volkswagen Polo Sedan;35200;https://www.automax.tn/annonces/volkswagen-polo-sedan/;AutoMax;2026-07-13;2026-06-23;Volkswagen;Polo Sedan;2015;230000;Manuelle;Essence;Ariana;5;;
Chery Tiggo 3;56950;https://www.automax.tn/annonces/chery-tiggo-3-3/;AutoMax;2026-07-13;2026-06-23;Chery;Tiggo 3;2023;46000;Automatique;Essence;Tunis;6;;
Peugeot 3008;0;https://www.automax.tn/annonces/peugeot-3008-5/;AutoMax;2026-07-13;2026-06-23;Peugeot;3008;2010;231;Manuelle;Diesel;Ben Arous;6;;
Kia Sportage;54000;https://www.automax.tn/annonces/kia-sportage-7/;AutoMax;2026-07-13;2026-06-21;Kia;Sportage;2015;190000;Manuelle;Essence;Nabeul;8;;
Seat Leon;78000;https://www.automax.tn/annonces/seat-leon-4/;AutoMax;2026-07-13;2026-06-19;Seat;Leon;2021;63000;Automatique;Essence;Ariana;8;;
Volkswagen Passat;34000;https://www.automax.tn/annonces/volkswagen-passat-5/;AutoMax;2026-07-13;2026-06-17;Volkswagen;Passat;2008;20000;Manuelle;Diesel;Monastir;7;;
Haval H6;78000;https://www.automax.tn/annonces/haval-h6-3/;AutoMax;2026-07-13;2026-06-16;Haval;H6;2020;20990;Automatique;Essence;Tunis;9;;
Mercedes Classe C;177000;https://www.automax.tn/annonces/mercedes-classe-c-4/;AutoMax;2026-07-13;2026-06-16;Mercedes;Classe C;2022;77000;Automatique;Hybride;Ariana;9;;
Mercedes Classe C;48000;https://www.automax.tn/annonces/mercedes-classe-c-3/;AutoMax;2026-07-13;2026-06-14;Mercedes;Classe C;2010;248000;Automatique;Diesel;Monastir;8;;
Citroen Berlingo Van;24000;https://www.automax.tn/annonces/citroen-berlingo-van/;AutoMax;2026-07-13;2026-06-11;Citroen;Berlingo Van;2004;160000;Manuelle;Essence;Nabeul;6;;
Chery Tiggo 2;38000;https://www.automax.tn/annonces/chery-tiggo-2-4/;AutoMax;2026-07-13;2026-06-10;Chery;Tiggo 2;2020;120000;Manuelle;Essence;Nabeul;6;;
Ford Fiesta;36000;https://www.automax.tn/annonces/ford-fiesta-3/;AutoMax;2026-07-13;2026-06-10;Ford;Fiesta;2017;166000;Manuelle;Essence;Ariana;5;;
Fiat Grande Punto;24300;https://www.automax.tn/annonces/fiat-grande-punto-2/;AutoMax;2026-07-13;2026-06-08;Fiat;Grande Punto;2016;188000;Manuelle;Essence;Sousse;10;;
Fiat 500;33000;https://www.automax.tn/annonces/fiat-500-2/;AutoMax;2026-07-13;2026-06-08;Fiat;500;2014;129000;Manuelle;Essence;Ariana;10;;
Mercedes Glc;260000;https://www.automax.tn/annonces/mercedes-glc/;AutoMax;2026-07-13;2026-06-08;Mercedes;Glc;2023;50000;Automatique;Hybride;Bizerte;11;;
Peugeot 208;35000000;https://www.automax.tn/annonces/peugeot-208-10/;AutoMax;2026-07-13;2026-06-05;Peugeot;208;2014;270000;Manuelle;Diesel;Nabeul;5;;
Kia Rio;68000;https://www.automax.tn/annonces/kia-rio-5/;AutoMax;2026-07-13;2026-06-03;Kia;Rio;2022;23700;Manuelle;Essence;Tunis;5;;
Seat Leon;59500;https://www.automax.tn/annonces/seat-leon-3/;AutoMax;2026-07-13;2026-06-03;Seat;Leon;2017;120800;Manuelle;Essence;Sousse;6;;
Bmw Serie 1;45000;https://www.automax.tn/annonces/bmw-serie-1-2/;AutoMax;2026-07-13;2026-06-01;Bmw;Serie 1;2012;190000;Automatique;Essence;Ariana;7;;
Kia Sportage;55000;https://www.automax.tn/annonces/kia-sportage-6/;AutoMax;2026-07-13;2026-06-01;Kia;Sportage;2013;231846;Manuelle;Diesel;Kef;7;;
Mahindra Kuv 100;27500;https://www.automax.tn/annonces/mahindra-kuv-100-9/;AutoMax;2026-07-13;2026-06-01;Mahindra;Kuv 100;2020;78000;Manuelle;Essence;Ben Arous;5;;
Kia Picanto;23000;https://www.automax.tn/annonces/kia-picanto-3/;AutoMax;2026-07-13;2026-05-19;Kia;Picanto;2011;182000;Manuelle;Essence;Tunis;4;;
Peugeot 208;26000;https://www.automax.tn/annonces/peugeot-208-9/;AutoMax;2026-07-13;2026-05-17;Peugeot;208;2016;154500;Manuelle;Essence;Bizerte;5;;
Ford Ka;25500;https://www.automax.tn/annonces/ford-ka/;AutoMax;2026-07-13;2026-05-16;Ford;Ka;2015;130000;Manuelle;Essence;Tunis;4;;
Peugeot Partner;28500;https://www.automax.tn/annonces/peugeot-partner-2/;AutoMax;2026-07-13;2026-05-16;Peugeot;Partner;1996;350000;Manuelle;Diesel;Sousse;5;;
Audi Q2;71000;https://www.automax.tn/annonces/audi-q2-3/;AutoMax;2026-07-13;2026-05-16;Audi;Q2;2018;60000;Automatique;Essence;Tunis;6;;
Volkswagen Polo;18500;https://www.automax.tn/annonces/volkswagen-polo-4/;AutoMax;2026-07-13;2026-05-15;Volkswagen;Polo;2009;380000;Manuelle;Diesel;Tunis;4;;
Audi A4;25000;https://www.automax.tn/annonces/audi-a4-6/;AutoMax;2026-07-13;2026-05-13;Audi;A4;2009;220000;Manuelle;Essence;Tunis;7;;
Hyundai Grand I10 Sedan;37500;https://www.automax.tn/annonces/hyundai-grand-i10-sedan/;AutoMax;2026-07-13;2026-05-12;Hyundai;Grand I10 Sedan;2022;125000;Manuelle;Essence;Mahdia;5;;
Bmw X4;169000;https://www.automax.tn/annonces/bmw-x4/;AutoMax;2026-07-13;2026-05-11;Bmw;X4;2019;135000;Automatique;Essence;Monastir;16;;
Kia Rio Berline;80000;https://www.automax.tn/annonces/kia-rio-berline/;AutoMax;2026-07-13;2026-05-06;Kia;Rio Berline;2023;10000;Automatique;Essence;Monastir;5;;
Kia Picanto;37000;https://www.automax.tn/annonces/kia-picanto/;AutoMax;2026-07-13;2026-05-03;Kia;Picanto;2019;57600;Manuelle;Essence;Ben Arous;4;;
Ford Mondeo;27500;https://www.automax.tn/annonces/ford-mondeo-2/;AutoMax;2026-07-13;2026-05-03;Ford;Mondeo;2010;235000;Manuelle;Essence;Ariana;8;;
Fiat Tipo;47000;https://www.automax.tn/annonces/fiat-tipo-2/;AutoMax;2026-07-13;2026-05-01;Fiat;Tipo;2020;33000;Manuelle;Essence;Tunis;6;;
Peugeot 2008;68000;https://www.automax.tn/annonces/peugeot-2008-6/;AutoMax;2026-07-13;2026-04-30;Peugeot;2008;2023;57000;Automatique;Essence;Tunis;7;;
Skoda Kodiaq;125000;https://www.automax.tn/annonces/skoda-kodiaq/;AutoMax;2026-07-13;2026-04-29;Skoda;Kodiaq;2023;56000;Automatique;Essence;Tunis;9;;
Bmw Serie 3;54000;https://www.automax.tn/annonces/bmw-serie-3-4/;AutoMax;2026-07-13;2026-04-29;Bmw;Serie 3;2013;185000;Automatique;Essence;Tunis;7;;
Peugeot 3008 Gt-Line;121000;https://www.automax.tn/annonces/peugeot-3008-gt-line/;AutoMax;2026-07-13;2026-04-29;Peugeot;3008 Gt-Line;2023;14000;Automatique;Essence;Tunis;9;;
Ford Ecosport;53000;https://www.automax.tn/annonces/ford-ecosport-7/;AutoMax;2026-07-13;2026-04-28;Ford;Ecosport;2018;90000;Manuelle;Essence;Tunis;7;;
Bmw Serie 4;73000;https://www.automax.tn/annonces/bmw-serie-4/;AutoMax;2026-07-13;2026-04-28;Bmw;Serie 4;2014;170000;Automatique;Essence;Tunis;10;;
Volkswagen Tiguan;107000;https://www.automax.tn/annonces/volkswagen-tiguan/;AutoMax;2026-07-13;2026-04-28;Volkswagen;Tiguan;2022;35000;Automatique;Hybride;Tunis;8;;
Ford Kuga;79000;https://www.automax.tn/annonces/ford-kuga/;AutoMax;2026-07-13;2026-04-28;Ford;Kuga;2022;45000;Automatique;Essence;Tunis;8;;
Toyota Hilux;165000;https://www.automax.tn/annonces/toyota-hilux/;AutoMax;2026-07-13;2026-04-28;Toyota;Hilux;2020;178000;Automatique;Diesel;Nabeul;8;;
Audi A6;59000;https://www.automax.tn/annonces/audi-a6/;AutoMax;2026-07-13;2026-04-28;Audi;A6;2012;180000;Automatique;Diesel;Tunis;10;;
Mercedes Classe E;98000;https://www.automax.tn/annonces/mercedes-classe-e-6/;AutoMax;2026-07-13;2026-04-28;Mercedes;Classe E;2021;190000;Automatique;Essence;Tunis;9;;
Audi A4;39900;https://www.automax.tn/annonces/audi-a4-5/;AutoMax;2026-07-13;2026-04-28;Audi;A4;2014;195000;Manuelle;Essence;Tunis;7;;
Seat Altea;30000;https://www.automax.tn/annonces/seat-altea/;AutoMax;2026-07-13;2026-04-27;Seat;Altea;2006;215;Automatique;Diesel;Mahdia;10;;
Peugeot 208;35000;https://www.automax.tn/annonces/peugeot-208-6/;AutoMax;2026-07-13;2026-04-27;Peugeot;208;2018;77000;Manuelle;Essence;Ariana;5;;
Kia Rio;53000;https://www.automax.tn/annonces/kia-rio-11/;AutoMax;2026-07-13;2026-04-26;Kia;Rio;2021;143000;Manuelle;Essence;Jendouba;5;;
Opel Corsa;28000;https://www.automax.tn/annonces/opel-corsa-3/;AutoMax;2026-07-13;2026-04-17;Opel;Corsa;2014;120;Manuelle;Essence;Mahdia;5;;
Hyundai I20;48500;https://www.automax.tn/annonces/hyundai-i20-4/;AutoMax;2026-07-13;2026-04-17;Hyundai;I20;2022;153000;Manuelle;Essence;Nabeul;5;;
Kia Sportage;70000;https://www.automax.tn/annonces/kia-sportage-5/;AutoMax;2026-07-13;2026-04-16;Kia;Sportage;2017;150000;Automatique;Essence;Tunis;8;;
Nissan Juke;57000;https://www.automax.tn/annonces/nissan-juke/;AutoMax;2026-07-13;2026-04-15;Nissan;Juke;2022;163500;Manuelle;Essence;Ben Arous;6;;
Mg 5;80000;https://www.automax.tn/annonces/mg-5-4/;AutoMax;2026-07-13;2026-04-14;Mg;5;2024;39524;Automatique;Essence;Monastir;7;;
Citroen C4;25500;https://www.automax.tn/annonces/citroen-c4-2/;AutoMax;2026-07-13;2026-04-11;Citroen;C4;2012;320000;Manuelle;Essence;Tunis;6;;
Kia Rio;44000;https://www.automax.tn/annonces/kia-rio-9/;AutoMax;2026-07-13;2026-04-08;Kia;Rio;2018;155000;Manuelle;Essence;Manouba;5;;
Seat Ibiza;30500;https://www.automax.tn/annonces/seat-ibiza-4/;AutoMax;2026-07-13;2026-04-07;Seat;Ibiza;2015;170000;Manuelle;Essence;Ariana;5;;
Peugeot 301;21000;https://www.automax.tn/annonces/peugeot-301/;AutoMax;2026-07-13;2026-03-31;Peugeot;301;2014;177750;Manuelle;Essence;Tunis;5;;
Chery Tiggo 3;52000;https://www.automax.tn/annonces/chery-tiggo-3/;AutoMax;2026-07-13;2026-03-29;Chery;Tiggo 3;2022;55000;Automatique;Essence;Tunis;5;;
Renault Scenic;36000;https://www.automax.tn/annonces/renault-scenic/;AutoMax;2026-07-13;2026-03-27;Renault;Scenic;2010;200000;Manuelle;Diesel;Sousse;7;;
Volkswagen Passat;33000;https://www.automax.tn/annonces/volkswagen-passat-3/;AutoMax;2026-07-13;2026-03-26;Volkswagen;Passat;2008;335000;Manuelle;Essence;Tunis;7;;
Hyundai I20;79000;https://www.automax.tn/annonces/hyundai-i20/;AutoMax;2026-07-13;2026-03-23;Hyundai;I20;2023;11950;Automatique;Essence;Nabeul;5;;
Opel Corsa;9800;https://www.automax.tn/annonces/opel-corsa-2/;AutoMax;2026-07-13;2026-03-18;Opel;Corsa;1999;300000;Manuelle;Essence;Ben Arous;50;;
Peugeot 206+;25000;https://www.automax.tn/annonces/peugeot-206-7/;AutoMax;2026-07-13;2026-03-13;Peugeot;206+;2012;159000;Manuelle;Essence;Monastir;4;;
Geely Icon;90000;https://www.automax.tn/annonces/geely-icon/;AutoMax;2026-07-13;2026-03-10;Geely;Icon;2024;43000;Automatique;Essence;Sousse;9;;
Haval Jolion;79000;https://www.automax.tn/annonces/haval-jolion/;AutoMax;2026-07-13;2026-03-08;Haval;Jolion;2022;70;Automatique;Essence;Bizerte;9;;
Fiat Grande Punto;25500;https://www.automax.tn/annonces/fiat-grande-punto/;AutoMax;2026-07-13;2026-03-08;Fiat;Grande Punto;2013;172300;Manuelle;Essence;Ariana;5;;
Hyundai Grand I10;39500;https://www.automax.tn/annonces/hyundai-grand-i10-6/;AutoMax;2026-07-13;2026-03-02;Hyundai;Grand I10;2022;93000;Manuelle;Essence;Ben Arous;5;;
Audi Q5;59000;https://www.automax.tn/annonces/audi-q5-3/;AutoMax;2026-07-13;2026-02-27;Audi;Q5;2010;360000;Automatique;Diesel;Sousse;10;;
Mazda Cx-3;60000;https://www.automax.tn/annonces/mazda-cx-3/;AutoMax;2026-07-13;2026-02-27;Mazda;Cx-3;2018;130000;Automatique;Essence;Ariana;9;;
Kia Sportage;73000;https://www.automax.tn/annonces/kia-sportage-4/;AutoMax;2026-07-13;2026-02-26;Kia;Sportage;2019;155000;Automatique;Essence;Monastir;6;;
Mahindra Kuv 100;28000;https://www.automax.tn/annonces/mahindra-kuv-100-8/;AutoMax;2026-07-13;2026-02-19;Mahindra;Kuv 100;2022;116000;Manuelle;Essence;Nabeul;5;;
Ford Focus;48000;https://www.automax.tn/annonces/ford-focus-4/;AutoMax;2026-07-13;2026-02-18;Ford;Focus;2018;180000;Automatique;Essence;Jendouba;7;;
Kia Rio;39000;https://www.automax.tn/annonces/kia-rio-10/;AutoMax;2026-07-13;2026-02-16;Kia;Rio;2014;152000;Automatique;Essence;Ariana;6;;
Volkswagen Golf;95000;https://www.automax.tn/annonces/volkswagen-golf-4/;AutoMax;2026-07-13;2026-02-11;Volkswagen;Golf;2022;89000;Automatique;Hybride;Mahdia;7;;
Land Rover Freelander;60000;https://www.automax.tn/annonces/land-rover-freelander/;AutoMax;2026-07-13;2026-02-10;Land Rover;Freelander;2011;202000;Automatique;Diesel;Tunis;11;;
Peugeot 208;25000;https://www.automax.tn/annonces/peugeot-208-5/;AutoMax;2026-07-13;2026-01-30;Peugeot;208;2013;143000;Manuelle;Essence;Tunis;5;;
Volkswagen Golf;41000;https://www.automax.tn/annonces/volkswagen-golf-3/;AutoMax;2026-07-13;2026-01-21;Volkswagen;Golf;2012;360000;Manuelle;Diesel;Ben Arous;5;;
Volkswagen Golf 7;55000;https://www.automax.tn/annonces/volkswagen-golf-7-8/;AutoMax;2026-07-13;2026-01-19;Volkswagen;Golf 7;2020;110000;Automatique;Essence;Ariana;6;;
Renault Megane;39500;https://www.automax.tn/annonces/renault-megane/;AutoMax;2026-07-13;2026-01-12;Renault;Megane;2017;235000;Manuelle;Essence;Ariana;7;;
Peugeot Partner;47000;https://www.automax.tn/annonces/peugeot-partner/;AutoMax;2026-07-13;2026-01-10;Peugeot;Partner;2022;14000;Manuelle;Diesel;Nabeul;5;;
Mg 5;55000;https://www.automax.tn/annonces/mg-5-3/;AutoMax;2026-07-13;2026-01-10;Mg;5;2022;64000;Automatique;Essence;Ariana;7;;
Mercedes Classe C;92000;https://www.automax.tn/annonces/mercedes-classe-c-2/;AutoMax;2026-07-13;2026-01-06;Mercedes;Classe C;2015;140000;Automatique;Essence;Ariana;15;;
Opel Astra;28500;https://www.automax.tn/annonces/opel-astra/;AutoMax;2026-07-13;2026-01-06;Opel;Astra;2011;243000;Manuelle;Essence;Kef;6;;
Ford Ecosport;65000;https://www.automax.tn/annonces/ford-ecosport-6/;AutoMax;2026-07-13;2026-01-05;Ford;Ecosport;2020;60400;Manuelle;Essence;Ariana;7;;
Citroen C5;29500;https://www.automax.tn/annonces/citroen-c5/;AutoMax;2026-07-13;2026-01-02;Citroen;C5;2010;242668;Manuelle;Diesel;Nabeul;6;;
Peugeot 206;16500;https://www.automax.tn/annonces/peugeot-206-5/;AutoMax;2026-07-13;2025-12-31;Peugeot;206;2001;330000;Manuelle;Essence;Nabeul;4;;
Volkswagen Cc;71000;https://www.automax.tn/annonces/volkswagen-cc/;AutoMax;2026-07-13;2025-12-29;Volkswagen;Cc;2015;80014;Automatique;Essence;Sousse;9;;
Kia Cerato;40000;https://www.automax.tn/annonces/kia-cerato/;AutoMax;2026-07-13;2025-12-28;Kia;Cerato;2014;190;Automatique;Essence;Tunis;8;;
Porsche Macan;210000;https://www.automax.tn/annonces/porsche-macan/;AutoMax;2026-07-13;2025-12-27;Porsche;Macan;2019;120000;Automatique;Essence;Tunis;16;;
Mercedes Glc Coupe;200000;https://www.automax.tn/annonces/mercedes-glc-coupe/;AutoMax;2026-07-13;2025-12-21;Mercedes;Glc Coupe;2021;57000;Automatique;Hybride;Sfax;12;;
Suzuki Swift;35000;https://www.automax.tn/annonces/suzuki-swift-5/;AutoMax;2026-07-13;2025-12-18;Suzuki;Swift;2017;152000;Manuelle;Essence;Ben Arous;5;;
Volkswagen Polo;20000;https://www.automax.tn/annonces/volkswagen-polo-3/;AutoMax;2026-07-13;2025-12-18;Volkswagen;Polo;2013;137;Automatique;Diesel;Manouba;10;;
Dongfeng S50;42;https://www.automax.tn/annonces/dongfeng-s50/;AutoMax;2026-07-13;2025-12-14;Dongfeng;S50;2020;79400;Manuelle;Essence;Manouba;6;;
Mercedes 180;135000;https://www.automax.tn/annonces/mercedes-180/;AutoMax;2026-07-13;2025-12-13;Mercedes;180;2019;100000;Automatique;Essence;Gabes;9;;
Dacia Duster;40000;https://www.automax.tn/annonces/dacia-duster-3/;AutoMax;2026-07-13;2025-11-26;Dacia;Duster;2015;78000;Automatique;Essence;Mahdia;9;;
Mercedes Classe A;23000;https://www.automax.tn/annonces/mercedes-classe-a-4/;AutoMax;2026-07-13;2025-11-25;Mercedes;Classe A;2006;209000;Manuelle;Essence;Tunis;6;;
Kia Seltos;84000;https://www.automax.tn/annonces/kia-seltos-2/;AutoMax;2026-07-13;2025-11-24;Kia;Seltos;2020;71000;Automatique;Essence;Ariana;8;;
Volkswagen Golf;27000;https://www.automax.tn/annonces/volkswagen-golf-2/;AutoMax;2026-07-13;2025-11-24;Volkswagen;Golf;2005;320000;Manuelle;Essence;Bizerte;5;;
Citroen C-Elysee;25000;https://www.automax.tn/annonces/citroen-c-elysee-2/;AutoMax;2026-07-13;2025-11-19;Citroen;C-Elysee;2015;164000;Manuelle;Essence;Ariana;5;;
Hyundai Tucson;96000;https://www.automax.tn/annonces/hyundai-tucson/;AutoMax;2026-07-13;2025-11-18;Hyundai;Tucson;2022;49000;Manuelle;Diesel;Ben Arous;6;;
Volkswagen Golf 7;60000;https://www.automax.tn/annonces/volkswagen-golf-7-4/;AutoMax;2026-07-13;2025-11-17;Volkswagen;Golf 7;2021;178000;Automatique;Essence;Ben Arous;6;;
Ford Fiesta;27000;https://www.automax.tn/annonces/ford-fiesta-2/;AutoMax;2026-07-13;2025-11-15;Ford;Fiesta;2016;173000;Manuelle;Essence;Sfax;5;;
Peugeot 206;19800;https://www.automax.tn/annonces/peugeot-206-4/;AutoMax;2026-07-13;2025-11-10;Peugeot;206;2004;222000;Manuelle;Essence;Manouba;4;;
Toyota Agya;31000;https://www.automax.tn/annonces/toyota-agya/;AutoMax;2026-07-13;2025-11-08;Toyota;Agya;2021;77800;Manuelle;Essence;Ariana;4;;
Volkswagen Golf;36000;https://www.automax.tn/annonces/volkswagen-golf/;AutoMax;2026-07-13;2025-11-07;Volkswagen;Golf;2011;252000;Manuelle;Essence;Gafsa;5;;
Volvo S80;37500;https://www.automax.tn/annonces/volvo-s80/;AutoMax;2026-07-13;2025-11-02;Volvo;S80;2012;353215;Automatique;Diesel;Tunis;9;;
Mg 5;66000;https://www.automax.tn/annonces/mg-5-2/;AutoMax;2026-07-13;2025-10-30;Mg;5;2024;25000;Automatique;Essence;Mahdia;7;;
Hyundai Grand I10;30000;https://www.automax.tn/annonces/hyundai-grand-i10-3/;AutoMax;2026-07-13;2025-10-29;Hyundai;Grand I10;2015;115600;Manuelle;Essence;Ben Arous;5;;
Ssangyong Actyon Sport;32000;https://www.automax.tn/annonces/ssangyong-actyon-sport/;AutoMax;2026-07-13;2025-10-28;Ssangyong;Actyon Sport;2011;250000;Manuelle;Diesel;Ben Arous;7;;
Toyota C-Hr;87000;https://www.automax.tn/annonces/toyota-c-hr/;AutoMax;2026-07-13;2025-10-28;Toyota;C-Hr;2022;40000;Automatique;Essence;Manouba;6;;
Skoda Scala;57000;https://www.automax.tn/annonces/skoda-scala/;AutoMax;2026-07-13;2025-10-28;Skoda;Scala;2021;135000;Automatique;Essence;Ben Arous;6;;
Chevrolet Aveo;24500;https://www.automax.tn/annonces/chevrolet-aveo/;AutoMax;2026-07-13;2025-10-27;Chevrolet;Aveo;2011;218000;Manuelle;Essence;Ben Arous;5;;
Citroen C3;30000;https://www.automax.tn/annonces/citroen-c3-2/;AutoMax;2026-07-13;2025-10-27;Citroen;C3;2018;190;Manuelle;Essence;Ben Arous;4;;
Audi A3 Berline;55000;https://www.automax.tn/annonces/audi-a3-berline/;AutoMax;2026-07-13;2025-10-26;Audi;A3 Berline;2015;272000;Manuelle;Essence;Ariana;10;;
Ford Focus;23000;https://www.automax.tn/annonces/ford-focus-3/;AutoMax;2026-07-13;2025-10-26;Ford;Focus;2002;250;Automatique;Diesel;Tunis;10;;
Seat Leon;52149505;https://www.automax.tn/annonces/seat-leon-2/;AutoMax;2026-07-13;2025-10-26;Seat;Leon;20223;80000;Automatique;Essence;Bizerte;8;;
Ssangyong Korando;76000;https://www.automax.tn/annonces/ssangyong-korando-2/;AutoMax;2026-07-13;2025-10-24;Ssangyong;Korando;2021;98000;Automatique;Essence;Tunis;9;;
Kia Picanto;37000;https://www.automax.tn/annonces/kia-picanto-2/;AutoMax;2026-07-13;2025-10-24;Kia;Picanto;2018;126000;Manuelle;Essence;Manouba;5;;
Ford Fusion;47000;https://www.automax.tn/annonces/ford-fusion-3/;AutoMax;2026-07-13;2025-10-23;Ford;Fusion;2016;243801;Manuelle;Essence;Ariana;9;;
Seat Ateca;69000;https://www.automax.tn/annonces/seat-ateca/;AutoMax;2026-07-13;2025-10-20;Seat;Ateca;2017;153000;Manuelle;Essence;Monastir;50;;
Peugeot 107;24000;https://www.automax.tn/annonces/peugeot-107/;AutoMax;2026-07-13;2025-10-20;Peugeot;107;2011;270;Manuelle;Essence;Ben Arous;4;;
Mercedes Classe V;65000;https://www.automax.tn/annonces/mercedes-classe-v/;AutoMax;2026-07-13;2025-10-19;Mercedes;Classe V;2018;90000;Manuelle;Diesel;Sfax;8;;
Peugeot 208;45000;https://www.automax.tn/annonces/peugeot-208-4/;AutoMax;2026-07-13;2025-10-19;Peugeot;208;2022;29000;Manuelle;Essence;Gafsa;4;;
Volkswagen Tiguan;98500;https://www.automax.tn/annonces/volkswagen-tiguan-2/;AutoMax;2026-07-13;2025-10-17;Volkswagen;Tiguan;2023;99000;Manuelle;Essence;Bizerte;6;;
Peugeot 306;9500;https://www.automax.tn/annonces/peugeot-306-2/;AutoMax;2026-07-13;2025-10-17;Peugeot;306;2002;222222;Manuelle;Diesel;Monastir;5;;
Kia Sportage;81000;https://www.automax.tn/annonces/kia-sportage-3/;AutoMax;2026-07-13;2025-10-16;Kia;Sportage;2018;84000;Automatique;Essence;Manouba;8;;
Kia Seltos;117400;https://www.automax.tn/annonces/kia-seltos/;AutoMax;2026-07-13;2025-10-16;Kia;Seltos;2024;17100;Automatique;Essence;Nabeul;8;;
Jeep Compass;125000;https://www.automax.tn/annonces/jeep-compass/;AutoMax;2026-07-13;2025-10-15;Jeep;Compass;2020;19000;Manuelle;Essence;Sfax;8;;
Hyundai Creta;75000;https://www.automax.tn/annonces/hyundai-creta/;AutoMax;2026-07-13;2025-10-14;Hyundai;Creta;2020;115000;Automatique;Essence;Tunis;7;;
Audi Q5;68000;https://www.automax.tn/annonces/audi-q5-2/;AutoMax;2026-07-13;2025-10-13;Audi;Q5;2010;362000;Automatique;Diesel;Sousse;10;;
Ford Ecosport;53000;https://www.automax.tn/annonces/ford-ecosport-5/;AutoMax;2026-07-13;2025-10-12;Ford;Ecosport;2018;56000;Manuelle;Essence;Kairouan;7;;
Ford Focus;38000;https://www.automax.tn/annonces/ford-focus-2/;AutoMax;2026-07-13;2025-10-09;Ford;Focus;2017;126000;Automatique;Essence;Ariana;7;;
Mg Gs;66000;https://www.automax.tn/annonces/mg-gs/;AutoMax;2026-07-13;2025-10-08;Mg;Gs;2017;56000;Automatique;Essence;Ariana;9;;
Suzuki Celerio;46500;https://www.automax.tn/annonces/suzuki-celerio-5/;AutoMax;2026-07-13;2025-10-07;Suzuki;Celerio;2024;22000;Automatique;Essence;Sousse;4;;
Ford Ecosport;53000;https://www.automax.tn/annonces/ford-ecosport-4/;AutoMax;2026-07-13;2025-10-06;Ford;Ecosport;2018;56000;Manuelle;Essence;Kairouan;7;;
Kia Xceed;108500;https://www.automax.tn/annonces/kia-xceed/;AutoMax;2026-07-13;2025-10-05;Kia;Xceed;2023;24090;Automatique;Essence;Sfax;9;;
Dacia Duster;35000;https://www.automax.tn/annonces/dacia-duster-2/;AutoMax;2026-07-13;2025-10-02;Dacia;Duster;2013;234214;Manuelle;Essence;Monastir;7;;
Mercedes Classe E;80000;https://www.automax.tn/annonces/mercedes-classe-e-4/;AutoMax;2026-07-13;2025-10-02;Mercedes;Classe E;2013;317270;Automatique;Diesel;Monastir;12;;
Mercedes Classe S;120000;https://www.automax.tn/annonces/mercedes-classe-s-2/;AutoMax;2026-07-13;2025-10-02;Mercedes;Classe S;2010;334174;Automatique;Essence;Monastir;29;;
Dacia Duster;65000;https://www.automax.tn/annonces/dacia-duster/;AutoMax;2026-07-13;2025-10-02;Dacia;Duster;2021;177938;Manuelle;Diesel;Monastir;6;;
Hyundai Grand I10;26500;https://www.automax.tn/annonces/hyundai-grand-i10-2/;AutoMax;2026-07-13;2025-10-02;Hyundai;Grand I10;2019;133;Manuelle;Essence;Gabes;5;;
Peugeot 508;28500;https://www.automax.tn/annonces/peugeot-508-3/;AutoMax;2026-07-13;2025-09-29;Peugeot;508;2012;225000;Automatique;Essence;Sousse;7;;
Ford Focus;44000;https://www.automax.tn/annonces/ford-focus/;AutoMax;2026-07-13;2025-09-28;Ford;Focus;2018;164000;Manuelle;Essence;Ben Arous;6;;
Volkswagen Caddy;11000;https://www.automax.tn/annonces/volkswagen-caddy-2/;AutoMax;2026-07-13;2025-09-26;Volkswagen;Caddy;2000;444;Manuelle;Diesel;Jendouba;10;;
Bmw Serie 2 Gran Coupe;110000;https://www.automax.tn/annonces/bmw-serie-2-gran-coupe/;AutoMax;2026-07-13;2025-09-25;Bmw;Serie 2 Gran Coupe;2021;57000;Automatique;Essence;Tunis;8;;
Volkswagen Caddy;30000;https://www.automax.tn/annonces/volkswagen-caddy/;AutoMax;2026-07-13;2025-09-11;Volkswagen;Caddy;2013;195000;Manuelle;Diesel;Tunis;10;;
Volkswagen Jetta;32000;https://www.automax.tn/annonces/volkswagen-jetta/;AutoMax;2026-07-13;2025-09-05;Volkswagen;Jetta;2008;274000;Manuelle;Essence;Gafsa;7;;
Mazda 3;45000;https://www.automax.tn/annonces/mazda-3-3/;AutoMax;2026-07-13;2025-09-04;Mazda;3;2015;240000;Manuelle;Essence;Gafsa;5;;
Bmw Serie 3;72000;https://www.automax.tn/annonces/bmw-serie-3-3/;AutoMax;2026-07-13;2025-09-02;Bmw;Serie 3;2015;87000;Manuelle;Diesel;Jendouba;7;;
Peugeot 207;28500;https://www.automax.tn/annonces/peugeot-207/;AutoMax;2026-07-13;2025-09-01;Peugeot;207;2012;190000;Manuelle;Essence;Ben Arous;5;;
Mercedes Classe A;80342;https://www.automax.tn/annonces/mercedes-classe-a-3/;AutoMax;2026-07-13;2025-09-01;Mercedes;Classe A;2018;121000;Manuelle;Essence;Manouba;9;;
Bmw Serie 4 Gran Coupe;98000;https://www.automax.tn/annonces/bmw-serie-4-gran-coupe-3/;AutoMax;2026-07-13;2025-09-01;Bmw;Serie 4 Gran Coupe;2015;138000;Automatique;Essence;Nabeul;10;;
Mg 5;41500;https://www.automax.tn/annonces/mg-5/;AutoMax;2026-07-13;2025-09-01;Mg;5;2017;111000;Manuelle;Essence;Ariana;6;;
Ford Ecosport;45000;https://www.automax.tn/annonces/ford-ecosport-3/;AutoMax;2026-07-13;2025-08-31;Ford;Ecosport;2019;153000;Automatique;Essence;Ben Arous;7;;
Peugeot 2008;65000;https://www.automax.tn/annonces/peugeot-2008-5/;AutoMax;2026-07-13;2025-08-31;Peugeot;2008;2018;65000;Manuelle;Essence;Ariana;6;;
Mercedes Classe C;150000;https://www.automax.tn/annonces/mercedes-classe-c/;AutoMax;2026-07-13;2025-08-30;Mercedes;Classe C;2018;83000;Automatique;Essence;Ben Arous;14;;
Peugeot 5008 Gt-Line;95000;https://www.automax.tn/annonces/peugeot-5008-gt-line/;AutoMax;2026-07-13;2025-08-29;Peugeot;5008 Gt-Line;2020;188000;Manuelle;Diesel;Ariana;10;;
Opel Corsa;10500;https://www.automax.tn/annonces/opel-corsa/;AutoMax;2026-07-13;2025-08-24;Opel;Corsa;1999;250000;Manuelle;Essence;Manouba;4;;
Fiat Tipo;49000;https://www.automax.tn/annonces/fiat-tipo/;AutoMax;2026-07-13;2025-08-20;Fiat;Tipo;2021;75000;Manuelle;Essence;Zaghouan;5;;
Mercedes Gla;80000;https://www.automax.tn/annonces/mercedes-gla/;AutoMax;2026-07-13;2025-08-19;Mercedes;Gla;2014;50000;Manuelle;Essence;Nabeul;8;;
Dacia Dokker;35000;https://www.automax.tn/annonces/dacia-dokker/;AutoMax;2026-07-13;2025-08-16;Dacia;Dokker;2021;176000;Manuelle;Essence;Tunis;10;;
Peugeot 508 Gt Line;42000;https://www.automax.tn/annonces/peugeot-508-gt-line/;AutoMax;2026-07-13;2025-08-16;Peugeot;508 Gt Line;2014;171000;Manuelle;Diesel;Ben Arous;7;;
Renault Trafic;60000;https://www.automax.tn/annonces/renault-trafic-2/;AutoMax;2026-07-13;2025-08-12;Renault;Trafic;2016;430000;Manuelle;Diesel;Tozeur;10;;
Suzuki Celerio;29990;https://www.automax.tn/annonces/suzuki-celerio-4/;AutoMax;2026-07-13;2025-08-12;Suzuki;Celerio;2020;90;Manuelle;Essence;Ben Arous;4;;
Audi Q5;75000;https://www.automax.tn/annonces/audi-q5/;AutoMax;2026-07-13;2025-08-11;Audi;Q5;2010;350000;Automatique;Diesel;Sousse;10;;
Ford Transit Van;60000;https://www.automax.tn/annonces/ford-transit-van/;AutoMax;2026-07-13;2025-08-10;Ford;Transit Van;2020;231000;Manuelle;Diesel;Tunis;7;;
Audi A4;51000;https://www.automax.tn/annonces/audi-a4-4/;AutoMax;2026-07-13;2025-08-08;Audi;A4;2014;210000;Automatique;Essence;Tunis;7;;
Peugeot 206;20000;https://www.automax.tn/annonces/peugeot-206-3/;AutoMax;2026-07-13;2025-08-07;Peugeot;206;2001;300;Manuelle;Essence;Tunis;5;;
Seat Leon;57000;https://www.automax.tn/annonces/seat-leon/;AutoMax;2026-07-13;2025-08-05;Seat;Leon;2020;172000;Manuelle;Essence;Tunis;6;;
Mercedes Classe E;64000;https://www.automax.tn/annonces/mercedes-classe-e/;AutoMax;2026-07-13;2025-08-03;Mercedes;Classe E;2010;310000;Manuelle;Diesel;Mahdia;7;;
Audi A4;44000;https://www.automax.tn/annonces/audi-a4-3/;AutoMax;2026-07-13;2025-08-03;Audi;A4;2014;240000;Automatique;Essence;Ben Arous;7;;
Fiat 500x;44000;https://www.automax.tn/annonces/fiat-500x/;AutoMax;2026-07-13;2025-08-03;Fiat;500x;2021;70000;Manuelle;Essence;Sousse;4;;
Audi A4;53000;https://www.automax.tn/annonces/audi-a4-2/;AutoMax;2026-07-13;2025-07-28;Audi;A4;2013;78000;Manuelle;Essence;Ariana;7;;
Fiat Doblo;40000;https://www.automax.tn/annonces/fiat-doblo/;AutoMax;2026-07-13;2025-07-25;Fiat;Doblo;2021;86480;Manuelle;Diesel;Tunis;5;;
Seat Ibiza;32000;https://www.automax.tn/annonces/seat-ibiza-3/;AutoMax;2026-07-13;2025-07-22;Seat;Ibiza;2015;151000;Manuelle;Essence;Nabeul;5;;
Peugeot 2008;40000;https://www.automax.tn/annonces/peugeot-2008-4/;AutoMax;2026-07-13;2025-07-21;Peugeot;2008;2016;160000;Manuelle;Essence;Tunis;5;;
Hyundai I20;52000;https://www.automax.tn/annonces/hyundai-i20-3/;AutoMax;2026-07-13;2025-07-21;Hyundai;I20;2022;73000;Manuelle;Essence;Tunis;5;;
Bmw Serie 3;54000;https://www.automax.tn/annonces/bmw-serie-3-2/;AutoMax;2026-07-13;2025-07-20;Bmw;Serie 3;2015;185000;Automatique;Essence;Ariana;7;;
Wallyscar Iris;31000;https://www.automax.tn/annonces/wallyscar-iris/;AutoMax;2026-07-13;2025-07-16;Wallyscar;Iris;2019;99800;Automatique;Essence;Tunis;5;;
Volkswagen Passat;33000;https://www.automax.tn/annonces/volkswagen-passat-4/;AutoMax;2026-07-13;2025-07-13;Volkswagen;Passat;2008;300000;Manuelle;Diesel;Monastir;6;;
Chery Tiggo 2;40000;https://www.automax.tn/annonces/chery-tiggo-2/;AutoMax;2026-07-13;2025-07-12;Chery;Tiggo 2;2020;78800;Manuelle;Essence;Sfax;6;;
Mercedes Cla;160000;https://www.automax.tn/annonces/mercedes-cla-3/;AutoMax;2026-07-13;2025-06-30;Mercedes;Cla;2022;70000;Automatique;Essence;Ariana;9;;
Mazda 3 Sedan;48000;https://www.automax.tn/annonces/mazda-3-sedan-2/;AutoMax;2026-07-13;2025-06-25;Mazda;3 Sedan;2017;159000;Automatique;Essence;Gafsa;6;;
Peugeot 308;26000;https://www.automax.tn/annonces/peugeot-308/;AutoMax;2026-07-13;2025-06-22;Peugeot;308;2009;126000;Manuelle;Essence;Tunis;6;;
Renault Trafic;8000;https://www.automax.tn/annonces/renault-trafic/;AutoMax;2026-07-13;2025-06-19;Renault;Trafic;2001;600;Manuelle;Diesel;Tunis;10;;
Peugeot 306;13000;https://www.automax.tn/annonces/peugeot-306/;AutoMax;2026-07-13;2025-06-19;Peugeot;306;1999;425000;Manuelle;Diesel;Tunis;6;;
Suzuki Swift;37500;https://www.automax.tn/annonces/suzuki-swift-4/;AutoMax;2026-07-13;2025-06-09;Suzuki;Swift;2021;130000;Manuelle;Essence;Manouba;5;;
Peugeot 2008;42000;https://www.automax.tn/annonces/peugeot-2008-3/;AutoMax;2026-07-13;2025-05-27;Peugeot;2008;2018;129000;Manuelle;Essence;Ben Arous;5;;
Chery Arrizo 5;38500;https://www.automax.tn/annonces/chery-arrizo-5-2/;AutoMax;2026-07-13;2025-05-26;Chery;Arrizo 5;2019;160000;Manuelle;Essence;Ariana;7;;
Citroen C-Elysee;25500;https://www.automax.tn/annonces/citroen-c-elysee/;AutoMax;2026-07-13;2025-05-26;Citroen;C-Elysee;2015;193000;Manuelle;Essence;Ariana;5;;
Mg Zs;76000;https://www.automax.tn/annonces/mg-zs/;AutoMax;2026-07-13;2025-05-15;Mg;Zs;2021;30000;Automatique;Essence;Ariana;7;;
Kia Rio;57000;https://www.automax.tn/annonces/kia-rio-6/;AutoMax;2026-07-13;2025-05-11;Kia;Rio;2020;180000;Automatique;Essence;Sousse;6;;
Peugeot 3008;72000;https://www.automax.tn/annonces/peugeot-3008-4/;AutoMax;2026-07-13;2025-05-07;Peugeot;3008;2019;114000;Automatique;Essence;Sousse;9;;
Fiat Ducato;14500;https://www.automax.tn/annonces/fiat-ducato/;AutoMax;2026-07-13;2025-05-05;Fiat;Ducato;1998;470;Manuelle;Diesel;Bizerte;9;;
Fiat 500;39000;https://www.automax.tn/annonces/fiat-500/;AutoMax;2026-07-13;2025-05-05;Fiat;500;2018;112000;Automatique;Essence;Tunis;4;;
Kia Optima;46000;https://www.automax.tn/annonces/kia-optima/;AutoMax;2026-07-13;2025-04-27;Kia;Optima;2013;144000;Automatique;Essence;Nabeul;10;;
Mg Hs;85000;https://www.automax.tn/annonces/mg-hs/;AutoMax;2026-07-13;2025-04-19;Mg;Hs;2020;20000;Automatique;Essence;Sousse;10;;
Kia Rio;54000;https://www.automax.tn/annonces/kia-rio-4/;AutoMax;2026-07-13;2025-04-07;Kia;Rio;2020;50000;Manuelle;Essence;Tunis;5;;
Suzuki Swift;0;https://www.automax.tn/annonces/suzuki-swift-3/;AutoMax;2026-07-13;2025-04-01;Suzuki;Swift;2021;92000;Automatique;Essence;Tunis;5;;
Mercedes Classe A;63500;https://www.automax.tn/annonces/mercedes-classe-a-2/;AutoMax;2026-07-13;2025-03-20;Mercedes;Classe A;2013;220000;Manuelle;Essence;Tunis;7;;
Opel Combo;640000;https://www.automax.tn/annonces/opel-combo/;AutoMax;2026-07-13;2025-03-02;Opel;Combo;2025;770;Manuelle;Diesel;Bizerte;50;;
Mercedes Classe S;145000;https://www.automax.tn/annonces/mercedes-classe-s/;AutoMax;2026-07-13;2025-02-18;Mercedes;Classe S;2009;208000;Automatique;Diesel;Nabeul;15;;
Chevrolet Trax;49900;https://www.automax.tn/annonces/chevrolet-trax/;AutoMax;2026-07-13;2025-02-15;Chevrolet;Trax;2019;79000;Manuelle;Essence;Ariana;8;;
Suzuki Celerio;38000;https://www.automax.tn/annonces/suzuki-celerio/;AutoMax;2026-07-13;2025-02-11;Suzuki;Celerio;2023;24000;Manuelle;Essence;Ben Arous;4;;
Mg 6;65000;https://www.automax.tn/annonces/mg-6/;AutoMax;2026-07-13;2025-02-08;Mg;6;2020;20000;Automatique;Essence;Kairouan;9;;
Chery Tiggo 4;72000;https://www.automax.tn/annonces/chery-tiggo-4/;AutoMax;2026-07-13;2025-02-05;Chery;Tiggo 4;2021;79800;Automatique;Essence;Ben Arous;9;;
Volkswagen Passat;43000;https://www.automax.tn/annonces/volkswagen-passat-2/;AutoMax;2026-07-13;2025-02-03;Volkswagen;Passat;2010;151000;Automatique;Essence;Tunis;9;;
Peugeot 2008;35500;https://www.automax.tn/annonces/peugeot-2008/;AutoMax;2026-07-13;2025-02-01;Peugeot;2008;2014;162000;Manuelle;Essence;Ariana;5;;
Mazda 2 Sedan;39000;https://www.automax.tn/annonces/mazda-2-sedan/;AutoMax;2026-07-13;2025-01-27;Mazda;2 Sedan;2017;157000;Manuelle;Essence;Ben Arous;6;;
Hyundai I10;48000;https://www.automax.tn/annonces/hyundai-i10-2/;AutoMax;2026-07-13;2025-01-21;Hyundai;I10;2021;11000;Automatique;Essence;Gabes;5;;
Volkswagen Polo 7;55000;https://www.automax.tn/annonces/volkswagen-polo-7/;AutoMax;2026-07-13;2025-01-19;Volkswagen;Polo 7;2019;98000;Manuelle;Essence;Ariana;4;;
Audi Q2;116000;https://www.automax.tn/annonces/audi-q2-2/;AutoMax;2026-07-13;2025-01-13;Audi;Q2;2023;45000;Automatique;Essence;Tunis;8;;
Hyundai Grand I10;41800;https://www.automax.tn/annonces/hyundai-grand-i10/;AutoMax;2026-07-13;2025-01-12;Hyundai;Grand I10;2021;42000;Manuelle;Essence;Tunis;4;;
Mahindra Kuv 100;33000;https://www.automax.tn/annonces/mahindra-kuv-100-7/;AutoMax;2026-07-13;2025-01-09;Mahindra;Kuv 100;2018;40000;Manuelle;Essence;Monastir;12;;
Peugeot 208;34;https://www.automax.tn/annonces/peugeot-208/;AutoMax;2026-07-13;2025-01-09;Peugeot;208;2019;96;Manuelle;Essence;Sousse;5;;
Mahindra Kuv 100;32000;https://www.automax.tn/annonces/mahindra-kuv-100-2/;AutoMax;2026-07-13;2024-12-29;Mahindra;Kuv 100;2020;58000;Manuelle;Essence;Tunis;5;;
Kia Sportage;75000;https://www.automax.tn/annonces/kia-sportage-2/;AutoMax;2026-07-13;2024-12-24;Kia;Sportage;2018;168000;Automatique;Essence;Sfax;8;;
Peugeot 206;19000;https://www.automax.tn/annonces/peugeot-206-2/;AutoMax;2026-07-13;2024-12-19;Peugeot;206;2009;244000;Manuelle;Essence;Ariana;4;;
Porsche Cayenne;650000;https://www.automax.tn/annonces/porsche-cayenne/;AutoMax;2026-07-13;2024-12-13;Porsche;Cayenne;2024;20000;Automatique;Essence;Tunis;20;;
Bmw Serie 3;49000;https://www.automax.tn/annonces/bmw-serie-3/;AutoMax;2026-07-13;2024-12-13;Bmw;Serie 3;2007;250000;Automatique;Diesel;Sousse;10;;
Peugeot 508;90000;https://www.automax.tn/annonces/peugeot-508-2/;AutoMax;2026-07-13;2024-12-10;Peugeot;508;2019;112000;Automatique;Diesel;Tunis;7;;
Kia Rio;66500;https://www.automax.tn/annonces/kia-rio-3/;AutoMax;2026-07-13;2024-12-01;Kia;Rio;2022;72000;Manuelle;Essence;Manouba;5;;
Volkswagen Golf 7;68000;https://www.automax.tn/annonces/volkswagen-golf-7-7/;AutoMax;2026-07-13;2024-08-28;Volkswagen;Golf 7;2019;111000;Manuelle;Essence;Tunis;6;;
Lada 4×4;33000;https://www.automax.tn/annonces/lada-4x4-2/;AutoMax;2026-07-13;2024-08-27;Lada;4×4;2020;59000;Manuelle;Essence;Tunis;7;;
Kia Rio;55000;https://www.automax.tn/annonces/kia-rio-2/;AutoMax;2026-07-13;2024-08-26;Kia;Rio;2020;89537;Manuelle;Essence;Gafsa;5;;
Mahindra Kuv 100;32000;https://www.automax.tn/annonces/mahindra-kuv-100/;AutoMax;2026-07-13;2024-08-26;Mahindra;Kuv 100;2020;55000;Manuelle;Essence;Ariana;5;;
Kia Rio;75000;https://www.automax.tn/annonces/kia-rio/;AutoMax;2026-07-13;2024-08-26;Kia;Rio;2022;36;Manuelle;Essence;Manouba;11;;
Mercedes Cla;135000;https://www.automax.tn/annonces/mercedes-cla-2/;AutoMax;2026-07-13;2024-08-26;Mercedes;Cla;2021;51000;Manuelle;Diesel;Ariana;7;;
Peugeot 3008;83000;https://www.automax.tn/annonces/peugeot-3008-3/;AutoMax;2026-07-13;2024-08-26;Peugeot;3008;2020;120000;Automatique;Essence;Ariana;7;;
Volkswagen Golf 7;55000;https://www.automax.tn/annonces/volkswagen-golf-7-6/;AutoMax;2026-07-13;2024-08-26;Volkswagen;Golf 7;2015;150000;Manuelle;Essence;Tunis;5;;
Dacia Sandero Stepway;40000;https://www.automax.tn/annonces/dacia-sandero-stepway/;AutoMax;2026-07-13;2024-08-11;Dacia;Sandero Stepway;2014;122093;Manuelle;Essence;Kebili;5;;
Audi Q3;160000;https://www.automax.tn/annonces/audi-q3/;AutoMax;2026-07-13;2024-08-06;Audi;Q3;2022;50000;Automatique;Essence;Tunis;9;;
Volkswagen Passat;34000;https://www.automax.tn/annonces/volkswagen-passat/;AutoMax;2026-07-13;2024-08-03;Volkswagen;Passat;2010;332000;Manuelle;Essence;Nabeul;7;;
Mercedes Classe A;140000;https://www.automax.tn/annonces/mercedes-classe-a/;AutoMax;2026-07-13;2024-08-01;Mercedes;Classe A;2021;43000;Automatique;Hybride;Nabeul;8;;
Geely Gc 6;35000;https://www.automax.tn/annonces/geely-gc-6/;AutoMax;2026-07-13;2024-07-28;Geely;Gc 6;2020;14000;Manuelle;Essence;Sousse;6;;
Volkswagen Golf 7;54000;https://www.automax.tn/annonces/volkswagen-golf-7/;AutoMax;2026-07-13;2024-07-20;Volkswagen;Golf 7;2013;200;Manuelle;Diesel;Sousse;8;;
Peugeot 208;34000;https://www.automax.tn/annonces/peugeot-208-3/;AutoMax;2026-07-13;2024-07-18;Peugeot;208;2019;95600;Manuelle;Essence;Sousse;5;;
Hyundai I10;40500;https://www.automax.tn/annonces/hyundai-i10/;AutoMax;2026-07-13;2024-07-15;Hyundai;I10;2021;29000;Manuelle;Essence;Tunis;4;;
Citroen Jumpy;58000;https://www.automax.tn/annonces/citroen-jumpy/;AutoMax;2026-07-13;2024-07-14;Citroen;Jumpy;2019;125000;Manuelle;Diesel;Kairouan;7;;
Renault Symbol;23500;https://www.automax.tn/annonces/renault-symbol/;AutoMax;2026-07-13;2024-07-12;Renault;Symbol;2009;170000;Manuelle;Essence;Ben Arous;5;;
Kia Sportage;65000;https://www.automax.tn/annonces/kia-sportage/;AutoMax;2026-07-13;2024-07-10;Kia;Sportage;2014;10;Manuelle;Diesel;Sousse;6;;
Mercedes Glb;182000;https://www.automax.tn/annonces/mercedes-glb/;AutoMax;2026-07-13;2024-07-08;Mercedes;Glb;2022;47000;Automatique;Essence;Tunis;9;;
Ford Ecosport;73000;https://www.automax.tn/annonces/ford-ecosport-2/;AutoMax;2026-07-13;2024-07-03;Ford;Ecosport;2022;44600;Manuelle;Essence;Ariana;7;;
Seat Ibiza;52000;https://www.automax.tn/annonces/seat-ibiza-2/;AutoMax;2026-07-13;2024-07-01;Seat;Ibiza;2019;92000;Manuelle;Essence;Sfax;5;;
Suzuki Baleno;19500;https://www.automax.tn/annonces/suzuki-baleno/;AutoMax;2026-07-13;2024-06-29;Suzuki;Baleno;2024;7560;Manuelle;Diesel;Nabeul;6;;
Volkswagen Polo;55000;https://www.automax.tn/annonces/volkswagen-polo/;AutoMax;2026-07-13;2024-06-27;Volkswagen;Polo;2020;160000;Manuelle;Essence;Ben Arous;4;;
Audi A4;83000;https://www.automax.tn/annonces/audi-a4/;AutoMax;2026-07-13;2024-06-15;Audi;A4;2019;156000;Automatique;Essence;Sfax;8;;
Bmw I3;44000;https://www.automax.tn/annonces/bmw-i3/;AutoMax;2026-07-13;2024-06-10;Bmw;I3;2004;234000;Automatique;Essence;Tunis;17;;
Bmw 3.0;63000;https://www.automax.tn/annonces/bmw-3-0/;AutoMax;2026-07-13;2024-06-10;Bmw;3.0;2015;135000;Automatique;Essence;Tunis;7;;
Ford Fiesta;35000;https://www.automax.tn/annonces/ford-fiesta/;AutoMax;2026-07-13;2024-06-08;Ford;Fiesta;2017;150000;Manuelle;Essence;Ben Arous;5;;
Land Rover Range Rover Evoque;195000;https://www.automax.tn/annonces/land-rover-range-rover-evoque-2/;AutoMax;2026-07-13;2024-06-08;Land Rover;Range Rover Evoque;2019;50000;Automatique;Diesel;Tunis;9;;
Jeep Renegade;79000;https://www.automax.tn/annonces/jeep-renegade-2/;AutoMax;2026-07-13;2024-06-08;Jeep;Renegade;2020;74000;Automatique;Essence;Tunis;8;;
Citroen C4;35000;https://www.automax.tn/annonces/citroen-c4/;AutoMax;2026-07-13;2024-06-08;Citroen;C4;2015;190000;Manuelle;Essence;Tunis;5;;
Audi A5;119000;https://www.automax.tn/annonces/audi-a5/;AutoMax;2026-07-13;2024-06-08;Audi;A5;2018;155000;Automatique;Essence;Tunis;8;;
Peugeot 208;45500;https://www.automax.tn/annonces/peugeot-208-2/;AutoMax;2026-07-13;2024-06-07;Peugeot;208;2022;57000;Manuelle;Essence;Tunis;4;;
Honda City;47000;https://www.automax.tn/annonces/honda-city-2/;AutoMax;2026-07-13;2024-06-06;Honda;City;2019;84180;Automatique;Essence;Ben Arous;7;;
Mazda 3;53000;https://www.automax.tn/annonces/mazda-3-2/;AutoMax;2026-07-13;2024-06-04;Mazda;3;2018;130000;Manuelle;Essence;Kasserine;10;;
Ford Ranger;110;https://www.automax.tn/annonces/ford-ranger/;AutoMax;2026-07-13;2024-05-28;Ford;Ranger;2018;45000;Automatique;Diesel;Sousse;6;;
Hyundai Elantra;44000;https://www.automax.tn/annonces/hyundai-elantra/;AutoMax;2026-07-13;2024-05-28;Hyundai;Elantra;2016;140000;Automatique;Essence;Nabeul;8;;
Citroen Ds4;62000;https://www.automax.tn/annonces/citroen-ds4/;AutoMax;2026-07-13;2024-05-26;Citroen;Ds4;2019;95000;Manuelle;Essence;Monastir;7;;
Renault Clio;57900;https://www.automax.tn/annonces/renault-clio/;AutoMax;2026-07-13;2024-05-23;Renault;Clio;2022;17000;Manuelle;Essence;Ariana;5;;
Mazda 3;50900;https://www.automax.tn/annonces/mazda-3/;AutoMax;2026-07-13;2024-05-23;Mazda;3;2018;163000;Manuelle;Essence;Ariana;6;;
Mercedes Classe B;38000;https://www.automax.tn/annonces/mercedes-classe-b-2/;AutoMax;2026-07-13;2024-05-23;Mercedes;Classe B;2010;155000;Automatique;Essence;Tunis;6;;
Ford Mondeo;140000;https://www.automax.tn/annonces/ford-mondeo/;AutoMax;2026-07-13;2024-05-19;Ford;Mondeo;2022;31000;Automatique;Essence;Tunis;7;;
Bmw X5;122000;https://www.automax.tn/annonces/bmw-x5/;AutoMax;2026-07-13;2024-05-19;Bmw;X5;2010;126000;Automatique;Diesel;Monastir;10;;
Ford Ecosport;58000;https://www.automax.tn/annonces/ford-ecosport/;AutoMax;2026-07-13;2024-05-15;Ford;Ecosport;2019;85000;Manuelle;Essence;Ariana;7;;
Land Rover Discovery Sport;119000;https://www.automax.tn/annonces/land-rover-discovery-sport-4/;AutoMax;2026-07-13;2024-05-11;Land Rover;Discovery Sport;2015;125000;Automatique;Diesel;Tunis;11;;
Lada 4×4;50000;https://www.automax.tn/annonces/lada-4x4/;AutoMax;2026-07-13;2024-05-10;Lada;4×4;2018;128000;Manuelle;Essence;Tunis;7;;
Haval H6;77000;https://www.automax.tn/annonces/haval-h6/;AutoMax;2026-07-13;2024-05-10;Haval;H6;2020;48000;Automatique;Essence;Tunis;9;;
Ford Fusion;63000;https://www.automax.tn/annonces/ford-fusion-2/;AutoMax;2026-07-13;2024-05-10;Ford;Fusion;2014;85000;Manuelle;Essence;Tunis;9;;
Bmw Serie 4 Gran Coupe;100000;https://www.automax.tn/annonces/bmw-serie-4-gran-coupe-2/;AutoMax;2026-07-13;2024-05-10;Bmw;Serie 4 Gran Coupe;2016;173000;Automatique;Essence;Tunis;7;;
Mercedes 220;68000;https://www.automax.tn/annonces/mercedes-220-2/;AutoMax;2026-07-13;2024-05-09;Mercedes;220;2009;238000;Automatique;Diesel;Tunis;9;;
Nissan Patrol;55000;https://www.automax.tn/annonces/nissan-patrol-2/;AutoMax;2026-07-13;2024-05-09;Nissan;Patrol;1999;417000;Manuelle;Diesel;Tunis;11;;
Dacia Dokker Van;31000;https://www.automax.tn/annonces/dacia-dokker-van/;AutoMax;2026-07-13;2024-05-09;Dacia;Dokker Van;2018;100000;Manuelle;Diesel;Mahdia;6;;
Geely Gx3;52000;https://www.automax.tn/annonces/geely-gx3-3/;AutoMax;2026-07-13;2024-05-07;Geely;Gx3;2021;45000;Manuelle;Essence;Beja;6;;
Audi Q3 Sportback;205000;https://www.automax.tn/annonces/audi-q3-sportback/;AutoMax;2026-07-13;2024-05-06;Audi;Q3 Sportback;2023;12000;Automatique;Essence;Tunis;9;;
Bmw Serie 5;147000;https://www.automax.tn/annonces/bmw-serie-5-2/;AutoMax;2026-07-13;2024-05-04;Bmw;Serie 5;2018;105000;Automatique;Essence;Tunis;10;;
Mercedes 220;68000;https://www.automax.tn/annonces/mercedes-220/;AutoMax;2026-07-13;2024-05-04;Mercedes;220;2009;238000;Automatique;Diesel;Tunis;9;;
Peugeot 208;36000;https://www.automax.tn/annonces/peugeot-208-8/;AutoMax;2026-07-13;2024-05-04;Peugeot;208;2019;92000;Manuelle;Essence;Sousse;5;;
Kia Picanto;35000;https://www.automax.tn/annonces/kia-picanto-8/;AutoMax;2026-07-13;2024-05-01;Kia;Picanto;2019;140000;Manuelle;Essence;Monastir;4;;
Fiat 500;29500;https://www.automax.tn/annonces/fiat-500-6/;AutoMax;2026-07-13;2024-05-01;Fiat;500;2009;198000;Manuelle;Essence;Ariana;4;;
Dfsk K02s;79000;https://www.automax.tn/annonces/dfsk-k02s/;AutoMax;2026-07-13;2024-04-26;Dfsk;K02s;2024;1400;Automatique;Essence;Nabeul;7;;
Mercedes Cla;160000;https://www.automax.tn/annonces/mercedes-cla/;AutoMax;2026-07-13;2024-04-26;Mercedes;Cla;2020;46;Automatique;Essence;Ariana;7;;
Citroen C4;23000;https://www.automax.tn/annonces/citroen-c4-3/;AutoMax;2026-07-13;2024-04-25;Citroen;C4;2008;370000;Manuelle;Diesel;Tunis;6;;
Ford Ka;19500;https://www.automax.tn/annonces/ford-ka-4/;AutoMax;2026-07-13;2024-04-25;Ford;Ka;2012;212000;Manuelle;Essence;Tunis;4;;
Renault Clio;41500;https://www.automax.tn/annonces/renault-clio-18/;AutoMax;2026-07-13;2024-04-22;Renault;Clio;2021;35000;Manuelle;Essence;Ben Arous;4;;
Ford Ka;23000;https://www.automax.tn/annonces/ford-ka-3/;AutoMax;2026-07-13;2024-04-21;Ford;Ka;2012;212500;Manuelle;Essence;Ben Arous;4;;
Renault Symbol;27000;https://www.automax.tn/annonces/renault-symbol-4/;AutoMax;2026-07-13;2024-04-20;Renault;Symbol;2014;136000;Manuelle;Essence;Sousse;5;;
Geely Gx3;53000;https://www.automax.tn/annonces/geely-gx3-2/;AutoMax;2026-07-13;2024-04-19;Geely;Gx3;2021;45000;Manuelle;Essence;Beja;6;;
Land Rover Range Rover Evoque;105000;https://www.automax.tn/annonces/land-rover-range-rover-evoque/;AutoMax;2026-07-13;2024-04-19;Land Rover;Range Rover Evoque;2013;140000;Automatique;Essence;Sousse;20;;
Renault Megane;54000;https://www.automax.tn/annonces/renault-megane-7/;AutoMax;2026-07-13;2024-04-19;Renault;Megane;2019;98000;Manuelle;Diesel;Sousse;15;;
Dfsk K01;64000;https://www.automax.tn/annonces/dfsk-k01/;AutoMax;2026-07-13;2024-04-16;Dfsk;K01;2021;65500;Automatique;Essence;Tunis;6;;
Volkswagen Polo Sedan;35000;https://www.automax.tn/annonces/volkswagen-polo-sedan-3/;AutoMax;2026-07-13;2024-04-13;Volkswagen;Polo Sedan;2016;149500;Manuelle;Essence;Ben Arous;5;;
Toyota Agya;41000;https://www.automax.tn/annonces/toyota-agya-4/;AutoMax;2026-07-13;2024-04-10;Toyota;Agya;2021;38500;Automatique;Essence;Manouba;5;;
Hyundai I20;29000;https://www.automax.tn/annonces/hyundai-i20-5/;AutoMax;2026-07-13;2024-04-08;Hyundai;I20;2013;120000;Manuelle;Essence;Ariana;10;;
Peugeot 206+;14500;https://www.automax.tn/annonces/peugeot-206-6/;AutoMax;2026-07-13;2024-04-04;Peugeot;206+;2012;70000;Manuelle;Diesel;Manouba;10;;
Toyota Agya;33300;https://www.automax.tn/annonces/toyota-agya-3/;AutoMax;2026-07-13;2024-04-03;Toyota;Agya;2021;47500;Manuelle;Essence;Tunis;4;;
Bmw Serie 4 Gran Coupe;100000;https://www.automax.tn/annonces/bmw-serie-4-gran-coupe/;AutoMax;2026-07-13;2024-04-02;Bmw;Serie 4 Gran Coupe;2016;173000;Automatique;Essence;Tunis;7;;
Renault Clio;59000;https://www.automax.tn/annonces/renault-clio-17/;AutoMax;2026-07-13;2024-04-01;Renault;Clio;2022;17000;Manuelle;Essence;Tunis;5;;
Volkswagen Polo;56000;https://www.automax.tn/annonces/volkswagen-polo-11/;AutoMax;2026-07-13;2024-04-01;Volkswagen;Polo;2021;94000;Manuelle;Essence;Tunis;4;;
Mercedes Classe E;68000;https://www.automax.tn/annonces/mercedes-classe-e-5/;AutoMax;2026-07-13;2024-04-01;Mercedes;Classe E;2009;238000;Automatique;Diesel;Tunis;9;;
Mahindra Kuv 100;30500;https://www.automax.tn/annonces/mahindra-kuv-100-4/;AutoMax;2026-07-13;2024-04-01;Mahindra;Kuv 100;2021;71223;Manuelle;Essence;Tunis;5;;
Suzuki Swift;47000;https://www.automax.tn/annonces/suzuki-swift-2/;AutoMax;2026-07-13;2024-03-30;Suzuki;Swift;2020;136000;Automatique;Essence;Nabeul;5;;
Audi A3;38000;https://www.automax.tn/annonces/audi-a3-2/;AutoMax;2026-07-13;2024-03-30;Audi;A3;2010;238000;Manuelle;Essence;Ariana;6;;
Mahindra Kuv 100;37000;https://www.automax.tn/annonces/mahindra-kuv-100-6/;AutoMax;2026-07-13;2024-03-29;Mahindra;Kuv 100;2021;28000;Manuelle;Essence;Medenine;5;;
Peugeot 206;21000;https://www.automax.tn/annonces/peugeot-206/;AutoMax;2026-07-13;2024-03-27;Peugeot;206;2008;177000;Manuelle;Essence;Jendouba;6;;
Seat Ibiza;49000;https://www.automax.tn/annonces/seat-ibiza-10/;AutoMax;2026-07-13;2024-03-27;Seat;Ibiza;2021;69000;Manuelle;Essence;Tunis;4;;
Kia Picanto;43000;https://www.automax.tn/annonces/kia-picanto-7/;AutoMax;2026-07-13;2024-03-27;Kia;Picanto;2019;107000;Automatique;Essence;Tunis;5;;
Kia Picanto;44600;https://www.automax.tn/annonces/kia-picanto-6/;AutoMax;2026-07-13;2024-03-27;Kia;Picanto;2022;49000;Automatique;Essence;Tunis;5;;
Jeep Grand Cherokee;75000;https://www.automax.tn/annonces/jeep-grand-cherokee/;AutoMax;2026-07-13;2024-03-27;Jeep;Grand Cherokee;2003;250000;Automatique;Essence;Tunis;15;;
Mercedes Classe B;38000;https://www.automax.tn/annonces/mercedes-classe-b/;AutoMax;2026-07-13;2024-03-27;Mercedes;Classe B;2010;155000;Automatique;Essence;Tunis;6;;
Ford Fiesta;35800;https://www.automax.tn/annonces/ford-fiesta-6/;AutoMax;2026-07-13;2024-03-27;Ford;Fiesta;2016;123000;Manuelle;Essence;Ariana;5;;
Chery Arrizo 5;39500;https://www.automax.tn/annonces/chery-arrizo-5/;AutoMax;2026-07-13;2024-03-27;Chery;Arrizo 5;2020;140000;Automatique;Essence;Tunis;7;;
Opel Astra;53500;https://www.automax.tn/annonces/opel-astra-3/;AutoMax;2026-07-13;2024-03-25;Opel;Astra;2019;128000;Manuelle;Diesel;Ben Arous;10;;
Mahindra Kuv 100;39000;https://www.automax.tn/annonces/mahindra-kuv-100-5/;AutoMax;2026-07-13;2024-03-23;Mahindra;Kuv 100;2020;28000;Manuelle;Essence;Monastir;12;;
Volkswagen Golf;39000;https://www.automax.tn/annonces/volkswagen-golf-9/;AutoMax;2026-07-13;2024-03-21;Volkswagen;Golf;2012;240000;Manuelle;Diesel;Bizerte;5;;
Geely Gx3;52000;https://www.automax.tn/annonces/geely-gx3/;AutoMax;2026-07-13;2024-03-21;Geely;Gx3;2021;22000;Manuelle;Essence;Tunis;6;;
Chery Tiggo 2;47000;https://www.automax.tn/annonces/chery-tiggo-2-3/;AutoMax;2026-07-13;2024-03-19;Chery;Tiggo 2;2020;33000;Manuelle;Essence;Ariana;6;;
Volkswagen Polo;13000;https://www.automax.tn/annonces/volkswagen-polo-10/;AutoMax;2026-07-13;2024-03-18;Volkswagen;Polo;2009;360000;Manuelle;Essence;Tunis;4;;
Honda City;57000;https://www.automax.tn/annonces/honda-city/;AutoMax;2026-07-13;2024-03-18;Honda;City;2021;62000;Automatique;Hybride;Ariana;6;;
Kia Rio;36000;https://www.automax.tn/annonces/kia-rio-8/;AutoMax;2026-07-13;2024-03-16;Kia;Rio;2015;223000;Manuelle;Essence;Ben Arous;5;;
Chery Qq;25300;https://www.automax.tn/annonces/chery-qq-2/;AutoMax;2026-07-13;2024-03-16;Chery;Qq;2017;11800;Manuelle;Essence;Tunis;4;;
Citroen C3;26500;https://www.automax.tn/annonces/citroen-c3-8/;AutoMax;2026-07-13;2024-03-16;Citroen;C3;2010;163;Manuelle;Essence;Tunis;12;;
Audi Q2;78000;https://www.automax.tn/annonces/audi-q2/;AutoMax;2026-07-13;2024-03-16;Audi;Q2;2018;220000;Automatique;Essence;Sfax;6;;
Suzuki Swift;47000;https://www.automax.tn/annonces/suzuki-swift/;AutoMax;2026-07-13;2024-03-14;Suzuki;Swift;2020;29000;Automatique;Essence;Sousse;5;;
Chery E3;26000;https://www.automax.tn/annonces/chery-e3-2/;AutoMax;2026-07-13;2024-03-07;Chery;E3;2017;122;Manuelle;Essence;Ariana;6;;
Chery Tiggo 3;43000;https://www.automax.tn/annonces/chery-tiggo-3-2/;AutoMax;2026-07-13;2024-03-07;Chery;Tiggo 3;2018;110000;Manuelle;Essence;Ben Arous;8;;
Chevrolet Aveo;23000;https://www.automax.tn/annonces/chevrolet-aveo-3/;AutoMax;2026-07-13;2024-03-06;Chevrolet;Aveo;2011;160000;Manuelle;Essence;Ben Arous;5;;
Chery Tiggo 2;48000;https://www.automax.tn/annonces/chery-tiggo-2-2/;AutoMax;2026-07-13;2024-03-06;Chery;Tiggo 2;2020;66000;Manuelle;Essence;Ben Arous;6;;
Baic Yx Kenbo S2;39000;https://www.automax.tn/annonces/baic-yx-kenbo-s2/;AutoMax;2026-07-13;2024-03-06;Baic Yx;Kenbo S2;2018;145;Manuelle;Essence;Sfax;6;;
Bmw Serie 1;32800;https://www.automax.tn/annonces/bmw-serie-1/;AutoMax;2026-07-13;2024-03-03;Bmw;Serie 1;2009;240000;Manuelle;Diesel;Manouba;27;;
Volkswagen Amarok;145000;https://www.automax.tn/annonces/volkswagen-amarok/;AutoMax;2026-07-13;2024-03-02;Volkswagen;Amarok;2021;80000;Automatique;Diesel;Tunis;7;;
Volkswagen Golf 7;62500;https://www.automax.tn/annonces/volkswagen-golf-7-2/;AutoMax;2026-07-13;2024-03-01;Volkswagen;Golf 7;2019;130000;Manuelle;Essence;Tunis;7;;
Great-Wall m4;39000;https://www.automax.tn/annonces/great-wall-m4-2/;AutoMax;2026-07-13;2024-02-29;Great-Wall;m4;2017;99000;Manuelle;Essence;Tunis;6;;
Kia Picanto;40000;https://www.automax.tn/annonces/kia-picanto-4/;AutoMax;2026-07-13;2024-02-27;Kia;Picanto;2020;32000;Manuelle;Essence;Ariana;4;;
Volkswagen Golf 7;56800;https://www.automax.tn/annonces/volkswagen-golf-7-5/;AutoMax;2026-07-13;2024-02-27;Volkswagen;Golf 7;2015;95000;Manuelle;Essence;Tunis;15;;
Mazda 3 Sedan;52000;https://www.automax.tn/annonces/mazda-3-sedan/;AutoMax;2026-07-13;2024-02-23;Mazda;3 Sedan;2017;123000;Manuelle;Essence;Ariana;6;;
Peugeot 508;39200;https://www.automax.tn/annonces/peugeot-508-6/;AutoMax;2026-07-13;2024-02-23;Peugeot;508;2014;230000;Automatique;Essence;Ariana;7;;
Haval H6;90000;https://www.automax.tn/annonces/haval-h6-2/;AutoMax;2026-07-13;2024-02-22;Haval;H6;2020;64000;Automatique;Essence;Tunis;9;;
Ssangyong Xlv;45000;https://www.automax.tn/annonces/ssangyong-xlv/;AutoMax;2026-07-13;2024-02-21;Ssangyong;Xlv;2018;252000;Automatique;Essence;Ben Arous;8;;
Volkswagen Golf 7;55000;https://www.automax.tn/annonces/volkswagen-golf-7-3/;AutoMax;2026-07-13;2024-02-20;Volkswagen;Golf 7;2014;158000;Manuelle;Essence;Ben Arous;5;;
Seat Ibiza;49500;https://www.automax.tn/annonces/seat-ibiza-7/;AutoMax;2026-07-13;2024-02-19;Seat;Ibiza;2021;104000;Manuelle;Essence;Tunis;4;;
Peugeot 2008;42000;https://www.automax.tn/annonces/peugeot-2008-2/;AutoMax;2026-07-13;2024-02-17;Peugeot;2008;2016;124000;Automatique;Essence;Tunis;5;;
Kia Rio;67500;https://www.automax.tn/annonces/kia-rio-7/;AutoMax;2026-07-13;2024-02-15;Kia;Rio;2022;12000;Manuelle;Essence;Tunis;5;;
Renault Megane;18000;https://www.automax.tn/annonces/renault-megane-6/;AutoMax;2026-07-13;2024-02-13;Renault;Megane;2007;297000;Manuelle;Diesel;Ben Arous;5;;
Peugeot 308;29000;https://www.automax.tn/annonces/peugeot-308-2/;AutoMax;2026-07-13;2024-02-13;Peugeot;308;2012;250000;Manuelle;Essence;Nabeul;6;;
Peugeot 301;20500;https://www.automax.tn/annonces/peugeot-301-2/;AutoMax;2026-07-13;2024-02-06;Peugeot;301;2014;205000;Manuelle;Essence;Tunis;5;;
Bmw Serie 5;159000;https://www.automax.tn/annonces/bmw-serie-5-3/;AutoMax;2026-07-13;2024-02-02;Bmw;Serie 5;2019;74000;Automatique;Essence;Tunis;10;;
Great-Wall m4;35500;https://www.automax.tn/annonces/great-wall-m4/;AutoMax;2026-07-13;2024-02-01;Great-Wall;m4;2017;120000;Manuelle;Essence;Bizerte;6;;
Citroen C3;38000;https://www.automax.tn/annonces/citroen-c3-6/;AutoMax;2026-07-13;2024-01-31;Citroen;C3;2011;111149;Manuelle;Diesel;Gabes;4;;
Ssangyong Korando;34000;https://www.automax.tn/annonces/ssangyong-korando/;AutoMax;2026-07-13;2024-01-30;Ssangyong;Korando;2011;322000;Manuelle;Diesel;Sousse;10;;
Chevrolet Aveo;21000;https://www.automax.tn/annonces/chevrolet-aveo-2/;AutoMax;2026-07-13;2024-01-30;Chevrolet;Aveo;2007;2000;Manuelle;Essence;Sousse;5;;
Ssangyong Tivoli;58500;https://www.automax.tn/annonces/ssangyong-tivoli-2/;AutoMax;2026-07-13;2024-01-30;Ssangyong;Tivoli;2020;60000;Manuelle;Essence;Tunis;7;;
Suzuki Celerio;27000;https://www.automax.tn/annonces/suzuki-celerio-3/;AutoMax;2026-07-13;2024-01-29;Suzuki;Celerio;2017;138000;Manuelle;Essence;Tunis;4;;
Citroen C3;35;https://www.automax.tn/annonces/citroen-c3-5/;AutoMax;2026-07-13;2024-01-29;Citroen;C3;2011;111000;Manuelle;Diesel;Gabes;5;;
Land Rover Discovery Sport;119000;https://www.automax.tn/annonces/land-rover-discovery-sport-2/;AutoMax;2026-07-13;2024-01-28;Land Rover;Discovery Sport;2015;125000;Automatique;Diesel;Tunis;9;;
Peugeot 3008;99000;https://www.automax.tn/annonces/peugeot-3008-2/;AutoMax;2026-07-13;2024-01-26;Peugeot;3008;2021;57500;Automatique;Essence;Ariana;7;;
Nissan Qashqai;71000;https://www.automax.tn/annonces/nissan-qashqai/;AutoMax;2026-07-13;2024-01-23;Nissan;Qashqai;2016;112000;Manuelle;Diesel;Sidi Bouzid;7;;
Land Rover Discovery Sport;125000;https://www.automax.tn/annonces/land-rover-discovery-sport/;AutoMax;2026-07-13;2024-01-23;Land Rover;Discovery Sport;2017;187000;Automatique;Diesel;Tunis;10;;
Renault Kangoo;17600;https://www.automax.tn/annonces/renault-kangoo-2/;AutoMax;2026-07-13;2024-01-22;Renault;Kangoo;2005;392;Manuelle;Diesel;Nabeul;6;;
Citroen C1;31500;https://www.automax.tn/annonces/citroen-c1/;AutoMax;2026-07-13;2024-01-22;Citroen;C1;2018;60000;Manuelle;Essence;Ben Arous;10;;
Mercedes Classe E;143000;https://www.automax.tn/annonces/mercedes-classe-e-2/;AutoMax;2026-07-13;2024-01-22;Mercedes;Classe E;2018;107000;Automatique;Essence;Tunis;9;;
Mercedes Classe E;147000;https://www.automax.tn/annonces/mercedes-classe-e-3/;AutoMax;2026-07-13;2024-01-22;Mercedes;Classe E;2019;100000;Automatique;Essence;Tunis;9;;
Jeep Renegade;85000;https://www.automax.tn/annonces/jeep-renegade/;AutoMax;2026-07-13;2024-01-22;Jeep;Renegade;2021;71000;Manuelle;Essence;Tunis;6;;
Nissan Patrol;45000;https://www.automax.tn/annonces/nissan-patrol/;AutoMax;2026-07-13;2024-01-21;Nissan;Patrol;2000;155000;Manuelle;Diesel;Tunis;11;;
Peugeot 508;33000;https://www.automax.tn/annonces/peugeot-508-4/;AutoMax;2026-07-13;2024-01-21;Peugeot;508;2012;140000;Manuelle;Essence;Tunis;9;;
Ford Fusion;63000;https://www.automax.tn/annonces/ford-fusion/;AutoMax;2026-07-13;2024-01-21;Ford;Fusion;2016;85000;Manuelle;Essence;Tunis;9;;
Mahindra Kuv 100;29500;https://www.automax.tn/annonces/mahindra-kuv-100-3/;AutoMax;2026-07-13;2024-01-19;Mahindra;Kuv 100;2019;21500;Manuelle;Essence;Tunis;5;;
Peugeot 3008;82000;https://www.automax.tn/annonces/peugeot-3008/;AutoMax;2026-07-13;2024-01-19;Peugeot;3008;2017;140000;Automatique;Diesel;Sfax;6;;
Renault Clio;47000;https://www.automax.tn/annonces/renault-clio-4/;AutoMax;2026-07-13;2024-01-14;Renault;Clio;2021;16000;Manuelle;Essence;Kairouan;5;;
Seat Ibiza;42600;https://www.automax.tn/annonces/seat-ibiza/;AutoMax;2026-07-13;2024-01-08;Seat;Ibiza;2018;140000;Manuelle;Essence;Ben Arous;4;;
Hyundai i20;40500;https://www.automax.tn/annonces/hyundai-i20-2/;AutoMax;2026-07-13;2024-01-08;Hyundai;I20;2019;102000;Manuelle;Essence;Ben Arous;5;;
Peugeot 508;30000;https://www.automax.tn/annonces/peugeot-508/;AutoMax;2026-07-13;2024-01-08;Peugeot;508;2011;240000;Manuelle;Essence;Tunis;9;;
Opel Insignia;25900;https://www.automax.tn/annonces/opel-insignia/;AutoMax;2026-07-13;2024-01-06;Opel;Insignia;2013;260000;Manuelle;Essence;Ben Arous;11;;
Seat Leon;45000;https://www.automax.tn/annonces/vente/;AutoMax;2026-07-13;2024-01-04;Seat;Leon;2014;170000;Manuelle;Essence;Ben Arous;6;;
Citroen C3;38900;https://www.automax.tn/annonces/citroen-c3/;AutoMax;2026-07-13;2024-01-03;Citroen;C3;2019;79400;Manuelle;Essence;Ariana;4;;
Citroen Berlingo B9;35000;https://www.automax.tn/annonces/citroen-b9/;AutoMax;2026-07-13;2024-01-03;Citroen;Berlingo B9;2018;183000;Manuelle;Diesel;Medenine;5;;
Volkswagen Golf 7;50000;https://www.automax.tn/annonces/volkswagen-golf-7-10/;AutoMax;2026-07-19;2026-07-18;Volkswagen;Golf 7;2015;179000;Manuelle;Essence;Sousse;5;;
